-- ************************************** `website`.`user`
insert into user (user_id, login, password, email, registration_date) values (1, 'Pennie', 'JQUnlGngQ', 'pgillino0@reddit.com', '2022-02-15 08:58:16');
insert into user (user_id, login, password, email, registration_date) values (2, 'Faustine', 'IILMa45M', 'fcavy1@twitpic.com', '2022-02-07 13:07:20');
insert into user (user_id, login, password, email, registration_date) values (3, 'Sada', 'aGWryo0G', 'sbraganca2@mit.edu', '2022-02-07 14:02:33');
insert into user (user_id, login, password, email, registration_date) values (4, 'Robenia', '5OihSv9e', 'rwarrack3@prweb.com', '2022-01-24 14:55:27');
insert into user (user_id, login, password, email, registration_date) values (5, 'Byran', '34p3ysdUzu', 'btyers4@google.com', '2021-08-02 04:27:44');
insert into user (user_id, login, password, email, registration_date) values (6, 'Kearney', 'ipzeKinf', 'kkunze5@vkontakte.ru', '2021-08-21 20:44:07');
insert into user (user_id, login, password, email, registration_date) values (7, 'Remus', 'EyUCBiPZH', 'rmeedendorpe6@sciencedaily.com', '2021-10-30 22:34:24');
insert into user (user_id, login, password, email, registration_date) values (8, 'Vikky', 'dCRoIYrw2e', 'vglanert7@feedburner.com', '2021-12-27 13:03:45');
insert into user (user_id, login, password, email, registration_date) values (9, 'Valaria', 'BJRYGJJxd', 'vclawe8@engadget.com', '2021-09-20 17:19:16');
insert into user (user_id, login, password, email, registration_date) values (10, 'Wald', 'hsckN71', 'wavieson9@canalblog.com', '2021-09-11 19:48:08');
insert into user (user_id, login, password, email, registration_date) values (11, 'Zara', 'aoiysMA9vol0', 'zmcgratha@freewebs.com', '2021-09-13 06:14:19');
insert into user (user_id, login, password, email, registration_date) values (12, 'Malorie', 'phbrZH', 'mskerrittb@pbs.org', '2022-02-02 21:50:11');
insert into user (user_id, login, password, email, registration_date) values (13, 'Cherise', 'ThklEpS', 'cjeckellc@foxnews.com', '2022-01-13 05:59:06');
insert into user (user_id, login, password, email, registration_date) values (14, 'Aldin', 'Vn7H7JZg1M', 'ascamerdend@ft.com', '2022-04-12 12:49:27');
insert into user (user_id, login, password, email, registration_date) values (15, 'Latrina', 'yXCmtR', 'lkraute@i2i.jp', '2022-02-23 05:36:49');
insert into user (user_id, login, password, email, registration_date) values (16, 'Yoshiko', 'VjwCzo', 'ycoltonf@google.co.uk', '2021-06-27 01:25:50');
insert into user (user_id, login, password, email, registration_date) values (17, 'Hersch', 'CYrJ0NLsnND', 'hdegneng@umich.edu', '2021-06-03 08:33:28');
insert into user (user_id, login, password, email, registration_date) values (18, 'Anetta', 'T8sJagU', 'afritzh@pen.io', '2021-10-25 07:57:55');
insert into user (user_id, login, password, email, registration_date) values (19, 'Fremont', '8uBVsJKa', 'flumlyi@last.fm', '2022-01-11 18:59:23');
insert into user (user_id, login, password, email, registration_date) values (20, 'Lyndsie', 'DbfxBkJO', 'ldurradj@xrea.com', '2021-07-29 10:23:39');
insert into user (user_id, login, password, email, registration_date) values (21, 'Alyse', 'XkVBsDMea', 'asangerk@example.com', '2021-06-03 21:09:37');
insert into user (user_id, login, password, email, registration_date) values (22, 'Emyle', 'lqIntmd4JIA', 'etamblingsonl@dion.ne.jp', '2022-01-11 00:42:32');
insert into user (user_id, login, password, email, registration_date) values (23, 'Arne', 'SPWv6O', 'abrownem@blinklist.com', '2021-07-27 22:09:51');
insert into user (user_id, login, password, email, registration_date) values (24, 'Noel', '5nkGatLIQyyN', 'npimn@flickr.com', '2022-01-26 07:33:22');
insert into user (user_id, login, password, email, registration_date) values (25, 'Adel', 'jQwceATs4', 'aaseyo@usnews.com', '2022-05-20 17:18:52');
insert into user (user_id, login, password, email, registration_date) values (26, 'Joanna', '5r3XFu', 'jwarcopp@odnoklassniki.ru', '2021-11-15 01:58:49');
insert into user (user_id, login, password, email, registration_date) values (27, 'Travis', '4pi96c', 'tfleetwoodq@harvard.edu', '2021-09-22 17:15:00');
insert into user (user_id, login, password, email, registration_date) values (28, 'Corry', 'S2gV0RugY', 'cpetegrewr@omniture.com', '2021-08-30 23:35:03');
insert into user (user_id, login, password, email, registration_date) values (29, 'Dimitri', 'bmAenb7p2wb', 'didels@answers.com', '2022-03-17 03:00:14');
insert into user (user_id, login, password, email, registration_date) values (30, 'Elinore', 'sv3D6O', 'ebeaudryt@miitbeian.gov.cn', '2022-03-17 05:39:45');
insert into user (user_id, login, password, email, registration_date) values (31, 'Chet', 'K5blFPo8blSl', 'cmckinnonu@usda.gov', '2022-04-16 16:43:19');
insert into user (user_id, login, password, email, registration_date) values (32, 'Ava', '7BwgfWmv', 'aliasv@furl.net', '2021-05-30 23:01:01');
insert into user (user_id, login, password, email, registration_date) values (33, 'Guillema', 'sGedMnAmV', 'gshavew@youtu.be', '2021-10-19 14:59:52');
insert into user (user_id, login, password, email, registration_date) values (34, 'Scarlett', '7lHOjYM', 'soliviex@smugmug.com', '2022-03-05 00:12:14');
insert into user (user_id, login, password, email, registration_date) values (35, 'Bobby', 'XAUxZjw', 'bjonssony@desdev.cn', '2022-05-04 20:31:47');
insert into user (user_id, login, password, email, registration_date) values (36, 'Tiffanie', 'G4anSV', 'tkilkennyz@tripod.com', '2022-03-26 12:58:13');
insert into user (user_id, login, password, email, registration_date) values (37, 'Chas', 'O1lda9', 'ccohalan10@alexa.com', '2021-06-26 14:15:16');
insert into user (user_id, login, password, email, registration_date) values (38, 'Libbey', '8ocwG3ThA', 'lhaughton11@51.la', '2021-07-24 13:28:01');
insert into user (user_id, login, password, email, registration_date) values (39, 'Keir', '4FCEyz2v47', 'kdunderdale12@ihg.com', '2022-02-11 19:38:49');
insert into user (user_id, login, password, email, registration_date) values (40, 'Rowena', 'MCkorRJ', 'rasel13@ask.com', '2022-05-10 10:32:16');
insert into user (user_id, login, password, email, registration_date) values (41, 'Boote', 'Y1AEmVGerQ', 'bclissell14@apache.org', '2021-11-20 04:22:01');
insert into user (user_id, login, password, email, registration_date) values (42, 'Benedicto', 'cakLxAV9a', 'bhirtz15@nasa.gov', '2021-06-21 14:04:12');
insert into user (user_id, login, password, email, registration_date) values (43, 'Kiri', 'u8p7ElJaX3vv', 'kathridge16@tripod.com', '2021-11-23 20:51:15');
insert into user (user_id, login, password, email, registration_date) values (44, 'Hamlen', 'w7gQlNcC7p', 'hgonsalvo17@storify.com', '2021-11-21 15:23:35');
insert into user (user_id, login, password, email, registration_date) values (45, 'Mendy', 'zFvVURcqK', 'mstringfellow18@yelp.com', '2021-06-10 21:05:45');
insert into user (user_id, login, password, email, registration_date) values (46, 'Brennen', 'aPjalfw', 'blucien19@cargocollective.com', '2022-01-12 14:40:14');
insert into user (user_id, login, password, email, registration_date) values (47, 'Garik', 'YYfBzXs', 'gwadman1a@ustream.tv', '2022-03-24 15:09:47');
insert into user (user_id, login, password, email, registration_date) values (48, 'Gifford', 'H5890C', 'gbilson1b@jigsy.com', '2021-11-17 07:19:43');
insert into user (user_id, login, password, email, registration_date) values (49, 'Dominic', 'HkEdWn', 'dpalomba1c@buzzfeed.com', '2022-01-05 02:16:59');
insert into user (user_id, login, password, email, registration_date) values (50, 'Leora', 'YIRkFs9y2', 'larmour1d@indiegogo.com', '2021-06-05 15:34:23');
insert into user (user_id, login, password, email, registration_date) values (51, 'Darin', '3lg4n4GT0GG', 'dyesson1e@alibaba.com', '2022-04-07 13:06:06');
insert into user (user_id, login, password, email, registration_date) values (52, 'Powell', 'lD3zEYZUd2xi', 'pwightman1f@globo.com', '2021-08-12 19:45:05');
insert into user (user_id, login, password, email, registration_date) values (53, 'Addi', 'Z5KInctKaYh9', 'agilston1g@ovh.net', '2022-03-27 05:40:38');
insert into user (user_id, login, password, email, registration_date) values (54, 'Wang', 'DcXU9pN3Ch', 'welgie1h@photobucket.com', '2021-09-18 18:33:56');
insert into user (user_id, login, password, email, registration_date) values (55, 'Thadeus', 'xQXyfZYF', 'tepton1i@trellian.com', '2022-05-14 15:24:38');
insert into user (user_id, login, password, email, registration_date) values (56, 'Lester', 'KCHa6X8V4', 'lrosenvasser1j@usda.gov', '2021-06-06 18:05:53');
insert into user (user_id, login, password, email, registration_date) values (57, 'Vida', 'RpIw6wf5vPp', 'vpatrono1k@webmd.com', '2021-10-02 16:26:06');
insert into user (user_id, login, password, email, registration_date) values (58, 'Balduin', 'n0EwbrIDO', 'bsokell1l@unesco.org', '2022-01-16 01:21:52');
insert into user (user_id, login, password, email, registration_date) values (59, 'Ginger', 'M6hmyRYJkV', 'gblakemore1m@ustream.tv', '2022-01-04 04:57:18');
insert into user (user_id, login, password, email, registration_date) values (60, 'Roldan', 'qnSKDH0xyZ', 'rguittet1n@eepurl.com', '2022-02-11 20:18:20');
insert into user (user_id, login, password, email, registration_date) values (61, 'Gaby', 'Kq9XRY', 'gmines1o@apache.org', '2021-06-06 13:26:33');
insert into user (user_id, login, password, email, registration_date) values (62, 'Juliane', 'x4ubgv', 'jaxup1p@apache.org', '2021-05-26 19:05:09');
insert into user (user_id, login, password, email, registration_date) values (63, 'Giff', 'FjDU1qf19', 'gnappin1q@sitemeter.com', '2021-10-25 20:43:01');
insert into user (user_id, login, password, email, registration_date) values (64, 'Eward', '9OhACDhqZV', 'easpin1r@hud.gov', '2022-02-13 14:15:13');
insert into user (user_id, login, password, email, registration_date) values (65, 'Basile', '98f4tJWEJi1m', 'bhazleton1s@pen.io', '2022-03-18 20:37:13');
insert into user (user_id, login, password, email, registration_date) values (66, 'Clarisse', 'ecC1nK', 'ccrowdy1t@ted.com', '2021-06-02 23:21:30');
insert into user (user_id, login, password, email, registration_date) values (67, 'Gerry', 'yeIar1PY9', 'gjerman1u@cargocollective.com', '2022-01-19 19:37:27');
insert into user (user_id, login, password, email, registration_date) values (68, 'Constantine', 'OqZ5F7LwXx', 'cmorter1v@fotki.com', '2021-12-16 06:38:02');
insert into user (user_id, login, password, email, registration_date) values (69, 'Denys', 'SLxJx6Wi', 'dclubley1w@plala.or.jp', '2022-01-27 00:15:11');
insert into user (user_id, login, password, email, registration_date) values (70, 'Dex', 'MhJTWe5H', 'ddurant1x@cnbc.com', '2022-05-19 14:07:13');
insert into user (user_id, login, password, email, registration_date) values (71, 'Charlene', 'YtDyTePhZUc', 'chumbell1y@scientificamerican.com', '2022-05-16 03:37:36');
insert into user (user_id, login, password, email, registration_date) values (72, 'Penny', 'lQEZq1', 'pkurten1z@samsung.com', '2021-07-03 06:42:55');
insert into user (user_id, login, password, email, registration_date) values (73, 'Oren', 'lNQ5UHE6XHO', 'oniccolls20@buzzfeed.com', '2022-05-18 20:50:35');
insert into user (user_id, login, password, email, registration_date) values (74, 'Vern', 'S86xG6Hwtvky', 'vmogg21@devhub.com', '2021-08-29 05:30:13');
insert into user (user_id, login, password, email, registration_date) values (75, 'Brennan', 'G38rcM', 'bmccarver22@census.gov', '2022-03-20 10:28:14');
insert into user (user_id, login, password, email, registration_date) values (76, 'Brice', 'YYtXHGrbv', 'bamps23@springer.com', '2022-03-21 09:44:12');
insert into user (user_id, login, password, email, registration_date) values (77, 'Korie', 'bFkFwG2', 'kearwaker24@delicious.com', '2021-08-24 20:40:45');
insert into user (user_id, login, password, email, registration_date) values (78, 'Farleigh', 'QDvc6MOAo4k7', 'fpietranek25@ask.com', '2022-02-17 22:09:39');
insert into user (user_id, login, password, email, registration_date) values (79, 'Franny', 'fErLwXL', 'fattow26@ow.ly', '2021-06-19 11:20:57');
insert into user (user_id, login, password, email, registration_date) values (80, 'Cirillo', 'PasZST4x', 'cmecchi27@typepad.com', '2021-07-04 19:59:29');
insert into user (user_id, login, password, email, registration_date) values (81, 'Gard', 'nubd4GN14g', 'gbarthel28@springer.com', '2021-07-06 09:31:45');
insert into user (user_id, login, password, email, registration_date) values (82, 'Herve', 'NC2mnFPgqDa0', 'hdiano29@squidoo.com', '2022-02-05 08:22:09');
insert into user (user_id, login, password, email, registration_date) values (83, 'Hamish', '6DPjxInLuUy1', 'hmeadus2a@theatlantic.com', '2021-09-06 19:45:28');
insert into user (user_id, login, password, email, registration_date) values (84, 'Elke', '1JN7moApvF', 'eodougherty2b@discuz.net', '2021-07-06 00:29:47');
insert into user (user_id, login, password, email, registration_date) values (85, 'Bette', '9OArKl9hRYlV', 'bcushe2c@slashdot.org', '2022-03-03 12:09:39');
insert into user (user_id, login, password, email, registration_date) values (86, 'Frannie', 'N6yfefdAj', 'fmargram2d@tuttocitta.it', '2022-04-02 04:08:03');
insert into user (user_id, login, password, email, registration_date) values (87, 'Maximilien', '0PXAfReMX', 'mcalway2e@craigslist.org', '2021-10-28 02:11:00');
insert into user (user_id, login, password, email, registration_date) values (88, 'Filberte', 'gZedzoH', 'floisi2f@phpbb.com', '2021-10-26 22:13:30');
insert into user (user_id, login, password, email, registration_date) values (89, 'Perrine', 'bGj1gh', 'pkuhwald2g@jigsy.com', '2021-12-03 01:19:32');
insert into user (user_id, login, password, email, registration_date) values (90, 'Garrott', '0APSsMt', 'gsuffe2h@hc360.com', '2022-05-20 01:51:36');
insert into user (user_id, login, password, email, registration_date) values (91, 'Theressa', 'TOCTkUq8D', 'tsearch2i@google.co.uk', '2021-10-01 10:03:21');
insert into user (user_id, login, password, email, registration_date) values (92, 'Marsh', '1CSxgv', 'mgoeff2j@amazon.co.uk', '2021-05-30 04:59:51');
insert into user (user_id, login, password, email, registration_date) values (93, 'Clara', 'lBYYTqQf', 'cwaterfall2k@youku.com', '2021-06-06 12:42:35');
insert into user (user_id, login, password, email, registration_date) values (94, 'Sabine', 'mHdcX8di9ycK', 'slabitt2l@answers.com', '2021-09-04 21:48:03');
insert into user (user_id, login, password, email, registration_date) values (95, 'Jayson', 'yHeRpZHAbyV', 'jironmonger2m@timesonline.co.uk', '2021-11-14 00:58:39');
insert into user (user_id, login, password, email, registration_date) values (96, 'Hirsch', '2pRSpJVKmrmZ', 'homulderrig2n@wordpress.com', '2022-05-08 14:24:51');
insert into user (user_id, login, password, email, registration_date) values (97, 'Marietta', 'zB2YCDM', 'mburleton2o@google.ru', '2022-02-04 00:34:22');
insert into user (user_id, login, password, email, registration_date) values (98, 'Garrott', 'nuPL5oP2', 'ggigg2p@shinystat.com', '2022-04-20 04:47:20');
insert into user (user_id, login, password, email, registration_date) values (99, 'Lexy', 'cE2BEaS', 'ltruman2q@ucoz.com', '2021-09-28 17:46:56');
insert into user (user_id, login, password, email, registration_date) values (100, 'Arlette', 'DTVoPWQ0', 'asandon2r@nationalgeographic.com', '2022-02-10 22:18:08');

-- ************************************** `website`.`movie`
insert into movie (movie_id, title, director, release_date, genre) values (1, 'Glory Daze', 'Erwéi', '2021-08-23 12:15:47', 'Drama');
insert into movie (movie_id, title, director, release_date, genre) values (2, 'The Mummy''s Shroud', 'Lucrèce', '2021-08-10 02:18:50', 'Horror');
insert into movie (movie_id, title, director, release_date, genre) values (3, 'Great Train Robbery, The', 'Maïwenn', '2021-10-13 23:29:19', 'Crime|Western');
insert into movie (movie_id, title, director, release_date, genre) values (4, 'Rent-A-Cop', 'Méng', '2021-06-26 16:06:17', 'Action|Comedy|Crime');
insert into movie (movie_id, title, director, release_date, genre) values (5, 'Hella W', 'Céline', '2022-02-14 08:25:27', 'Drama');
insert into movie (movie_id, title, director, release_date, genre) values (6, 'Munekata Sisters, The (Munekata kyôdai)', 'Mà', '2021-11-04 02:51:37', 'Drama');
insert into movie (movie_id, title, director, release_date, genre) values (7, 'Elizabeth I', 'Adélaïde', '2021-10-21 08:13:08', 'Drama');
insert into movie (movie_id, title, director, release_date, genre) values (8, 'Aakrosh', 'Zhì', '2021-11-04 16:51:26', 'Action|Drama|Thriller');
insert into movie (movie_id, title, director, release_date, genre) values (9, 'By the People: The Election of Barack Obama', 'Gwenaëlle', '2022-01-02 19:00:51', 'Documentary');
insert into movie (movie_id, title, director, release_date, genre) values (10, 'Rack, The', 'Tú', '2022-04-21 21:23:48', 'Drama|War');
insert into movie (movie_id, title, director, release_date, genre) values (11, 'Paris Is Burning', 'Táng', '2021-12-15 23:35:26', 'Documentary');
insert into movie (movie_id, title, director, release_date, genre) values (12, 'Sabrina', 'Léonie', '2021-09-30 09:10:20', 'Comedy|Romance');
insert into movie (movie_id, title, director, release_date, genre) values (13, 'Bullet Ballet', 'Maëlyss', '2022-04-23 16:49:52', 'Crime|Drama|Sci-Fi|Thriller');
insert into movie (movie_id, title, director, release_date, genre) values (14, 'Crowd Roars, The', 'Maëlle', '2022-04-17 13:46:19', 'Action|Drama');
insert into movie (movie_id, title, director, release_date, genre) values (15, 'Little Miss Marker', 'Marie-hélène', '2022-01-18 12:51:32', 'Comedy|Drama');
insert into movie (movie_id, title, director, release_date, genre) values (16, 'Avalon', 'Gérald', '2022-01-30 01:40:40', 'Drama|Thriller');
insert into movie (movie_id, title, director, release_date, genre) values (17, 'Crowd, The', 'Ruì', '2022-02-01 07:22:45', 'Drama');
insert into movie (movie_id, title, director, release_date, genre) values (18, 'Steamboat Bill, Jr.', 'Laïla', '2021-06-30 05:27:15', 'Comedy|Romance');
insert into movie (movie_id, title, director, release_date, genre) values (19, 'Treasure of the Sierra Madre, The', 'Mélissandre', '2022-01-02 12:33:27', 'Action|Adventure|Drama|Western');
insert into movie (movie_id, title, director, release_date, genre) values (20, '13 Sins', 'Tán', '2021-10-03 00:47:40', 'Horror|Thriller');
insert into movie (movie_id, title, director, release_date, genre) values (21, 'One Tough Cop', 'Annotés', '2021-09-13 03:00:31', 'Action|Crime');
insert into movie (movie_id, title, director, release_date, genre) values (22, 'Rescuers, The', 'Thérèse', '2021-06-08 21:50:01', 'Adventure|Animation|Children|Crime|Drama');
insert into movie (movie_id, title, director, release_date, genre) values (23, 'Formosa Betrayed', 'Salomé', '2021-08-03 21:07:13', 'Thriller');
insert into movie (movie_id, title, director, release_date, genre) values (24, 'The Last Station', 'Irène', '2021-08-20 02:34:38', 'Drama');
insert into movie (movie_id, title, director, release_date, genre) values (25, 'Fright Night', 'Bérangère', '2021-08-05 20:07:40', 'Comedy|Horror|Thriller');
insert into movie (movie_id, title, director, release_date, genre) values (26, 'Tears of the Black Tiger (Fah talai jone)', 'Lorène', '2021-10-13 05:37:05', 'Action|Comedy|Romance|Western');
insert into movie (movie_id, title, director, release_date, genre) values (27, 'Jar, The (Khomreh)', 'Médiamass', '2021-11-11 15:52:56', 'Drama');
insert into movie (movie_id, title, director, release_date, genre) values (28, 'Harry Brown', 'Intéressant', '2021-08-12 23:36:27', 'Crime|Drama|Thriller');
insert into movie (movie_id, title, director, release_date, genre) values (29, 'Epitaph', 'Léonore', '2022-03-17 09:51:48', 'Horror');
insert into movie (movie_id, title, director, release_date, genre) values (30, 'Dance with Me', 'Táng', '2021-11-09 19:09:15', 'Drama|Romance');
insert into movie (movie_id, title, director, release_date, genre) values (31, 'Day of the Falcon', 'Véronique', '2021-05-29 07:23:53', 'Adventure|Drama');
insert into movie (movie_id, title, director, release_date, genre) values (32, 'I Feel Sleepy', 'Maïly', '2022-04-30 10:37:59', 'Comedy');
insert into movie (movie_id, title, director, release_date, genre) values (33, 'Jaguar', 'Maïté', '2021-10-12 07:02:27', 'Documentary');
insert into movie (movie_id, title, director, release_date, genre) values (34, 'Paradise Now', 'Cunégonde', '2021-12-01 03:23:16', 'Crime|Drama|Thriller|War');
insert into movie (movie_id, title, director, release_date, genre) values (35, 'Empire Falls', 'Gisèle', '2021-10-07 18:01:39', 'Drama|Romance');
insert into movie (movie_id, title, director, release_date, genre) values (36, 'Libertine, The', 'Jú', '2021-09-20 04:08:47', 'Drama');
insert into movie (movie_id, title, director, release_date, genre) values (37, 'Bad Family (Paha Perhe)', 'Josée', '2021-07-09 08:57:48', 'Comedy|Drama');
insert into movie (movie_id, title, director, release_date, genre) values (38, 'Otello', 'Ruò', '2021-06-17 08:43:39', 'Drama');
insert into movie (movie_id, title, director, release_date, genre) values (39, 'C.H.U.D. II - Bud the Chud', 'Maïlis', '2021-10-20 11:27:15', 'Comedy|Horror');
insert into movie (movie_id, title, director, release_date, genre) values (40, 'Who Is Harry Nilsson (And Why Is Everybody Talkin'' About Him?)', 'Magdalène', '2021-09-08 01:36:11', 'Documentary');
insert into movie (movie_id, title, director, release_date, genre) values (41, 'Mysterious Skin', 'Mégane', '2021-12-16 01:25:04', 'Drama|Mystery');
insert into movie (movie_id, title, director, release_date, genre) values (42, '1984', 'Solène', '2021-11-11 19:16:56', 'Drama|Sci-Fi');
insert into movie (movie_id, title, director, release_date, genre) values (43, 'Hank and Mike', 'Angèle', '2021-08-18 01:56:32', 'Comedy');
insert into movie (movie_id, title, director, release_date, genre) values (44, 'Trucker', 'Börje', '2022-02-12 04:11:30', 'Drama');
insert into movie (movie_id, title, director, release_date, genre) values (45, 'Washington Square', 'Annotée', '2022-03-30 23:10:02', 'Drama');
insert into movie (movie_id, title, director, release_date, genre) values (46, 'Adventures of Huck Finn, The', 'Mégane', '2021-10-01 03:31:51', 'Adventure|Children|Comedy|Drama');
insert into movie (movie_id, title, director, release_date, genre) values (47, 'Buried Alive II', 'Cloé', '2021-07-29 01:16:17', 'Horror|Thriller');
insert into movie (movie_id, title, director, release_date, genre) values (48, 'Cool, Dry Place, A', 'Daphnée', '2021-07-09 21:06:47', 'Drama');
insert into movie (movie_id, title, director, release_date, genre) values (49, 'Watermark', 'Marlène', '2022-03-24 13:34:21', 'Documentary');
insert into movie (movie_id, title, director, release_date, genre) values (50, 'Tom Sawyer', 'Kévina', '2021-10-19 17:44:30', 'Adventure|Children|Musical');
insert into movie (movie_id, title, director, release_date, genre) values (51, 'Four, The (Si da ming bu)', 'Mélina', '2022-01-24 19:56:07', 'Action|Crime|Fantasy');
insert into movie (movie_id, title, director, release_date, genre) values (52, 'Snow and Ashes', 'Marylène', '2021-10-03 01:08:02', 'Drama|Thriller|War');
insert into movie (movie_id, title, director, release_date, genre) values (53, 'Olsen Gang on the Track, The (Olsen-banden på sporet)', 'Dorothée', '2022-01-24 08:03:15', 'Comedy|Crime');
insert into movie (movie_id, title, director, release_date, genre) values (54, 'Crossing, The', 'Angèle', '2021-07-19 03:27:46', 'Drama|War');
insert into movie (movie_id, title, director, release_date, genre) values (55, 'Confidential Agent', 'Inès', '2022-01-02 04:28:02', 'Drama|Thriller');
insert into movie (movie_id, title, director, release_date, genre) values (56, 'St Trinian''s 2: The Legend of Fritton''s Gold', 'Görel', '2022-01-23 01:30:01', 'Adventure|Comedy');
insert into movie (movie_id, title, director, release_date, genre) values (57, 'Fire and Ice', 'Marie-françoise', '2022-01-27 09:54:33', 'Animation|Fantasy');
insert into movie (movie_id, title, director, release_date, genre) values (58, 'Mars Needs Moms', 'Lorène', '2022-03-28 07:35:28', 'Action|Adventure|Animation|Children|Comedy|Sci-Fi|IMAX');
insert into movie (movie_id, title, director, release_date, genre) values (59, 'You''ll Find Out', 'Océane', '2022-05-12 20:51:31', 'Comedy|Horror|Musical|Mystery|Romance');
insert into movie (movie_id, title, director, release_date, genre) values (60, 'Stranger on the Prowl (Imbarco a mezzanotte)', 'Illustrée', '2022-05-21 02:21:56', 'Drama');
insert into movie (movie_id, title, director, release_date, genre) values (61, 'Executive Action', 'Clémentine', '2021-06-18 12:12:47', 'Crime|Drama');
insert into movie (movie_id, title, director, release_date, genre) values (62, 'Rage', 'Vénus', '2022-02-20 09:58:01', 'Action|Crime|Thriller');
insert into movie (movie_id, title, director, release_date, genre) values (63, 'Aya of Yop City', 'Médiamass', '2021-09-06 04:46:16', 'Animation|Comedy');
insert into movie (movie_id, title, director, release_date, genre) values (64, 'Eight Miles High (Das wilde Leben)', 'Dà', '2021-05-26 21:10:06', 'Drama');
insert into movie (movie_id, title, director, release_date, genre) values (65, 'Places in the Heart', 'Bénédicte', '2021-09-19 13:23:29', 'Drama');
insert into movie (movie_id, title, director, release_date, genre) values (66, 'Eyes of a Stranger', 'Mén', '2021-09-29 23:26:33', 'Horror|Thriller');
insert into movie (movie_id, title, director, release_date, genre) values (67, 'Godzilla vs. Gigan (Chikyû kogeki meirei: Gojira tai Gaigan)', 'Daphnée', '2021-09-04 12:04:58', 'Action|Adventure|Horror');
insert into movie (movie_id, title, director, release_date, genre) values (68, 'Cria! (Cría cuervos)', 'Maïwenn', '2021-08-06 22:58:29', 'Drama|Mystery');
insert into movie (movie_id, title, director, release_date, genre) values (69, 'Dr. Jekyll and Ms. Hyde', 'Görel', '2021-07-28 05:42:49', 'Comedy|Horror');
insert into movie (movie_id, title, director, release_date, genre) values (70, 'Treasure Island', 'Lài', '2021-11-04 19:03:29', 'Adventure');
insert into movie (movie_id, title, director, release_date, genre) values (71, 'Shark Night 3D', 'Maëline', '2021-08-08 08:27:35', 'Horror|Thriller');
insert into movie (movie_id, title, director, release_date, genre) values (72, 'Carolina', 'Lyséa', '2021-06-14 11:29:55', 'Comedy|Romance');
insert into movie (movie_id, title, director, release_date, genre) values (73, 'Nick and Norah''s Infinite Playlist', 'Görel', '2021-08-03 03:28:14', 'Comedy|Drama|Romance');
insert into movie (movie_id, title, director, release_date, genre) values (74, 'Shamus', 'Tán', '2022-01-11 08:37:14', 'Crime|Mystery');
insert into movie (movie_id, title, director, release_date, genre) values (75, 'Questioning Darwin', 'Gwenaëlle', '2021-12-31 08:29:12', 'Documentary');
insert into movie (movie_id, title, director, release_date, genre) values (76, 'Main Prem Ki Diwani Hoon', 'Wá', '2021-07-01 09:47:57', 'Comedy|Drama|Romance');
insert into movie (movie_id, title, director, release_date, genre) values (77, 'Mercy', 'Yè', '2021-10-23 15:53:38', 'Crime|Mystery|Thriller');
insert into movie (movie_id, title, director, release_date, genre) values (78, 'Where Is the Friend''s Home? (Where Is My Friend''s House?) (Khane-ye doust kodjast?)', 'Néhémie', '2022-01-09 17:35:42', 'Drama');
insert into movie (movie_id, title, director, release_date, genre) values (79, 'He Loves Me... He Loves Me Not (À la folie... pas du tout)', 'Mylène', '2022-04-26 07:08:25', 'Romance|Thriller');
insert into movie (movie_id, title, director, release_date, genre) values (80, 'Recruit, The', 'Méryl', '2022-01-03 22:21:42', 'Action|Thriller');
insert into movie (movie_id, title, director, release_date, genre) values (81, 'World According to Sesame Street, The', 'Marylène', '2021-07-06 21:20:39', 'Documentary|War');
insert into movie (movie_id, title, director, release_date, genre) values (82, 'The Loyal 47 Ronin', 'Nuó', '2021-08-17 08:43:16', 'Drama');
insert into movie (movie_id, title, director, release_date, genre) values (83, 'Ransom', 'Laurélie', '2021-09-24 01:11:43', 'Crime|Thriller');
insert into movie (movie_id, title, director, release_date, genre) values (84, 'Crazy People', 'Camélia', '2021-07-17 16:40:28', 'Comedy');
insert into movie (movie_id, title, director, release_date, genre) values (85, 'Born Free', 'Bérangère', '2021-12-28 00:54:19', 'Adventure|Children|Drama');
insert into movie (movie_id, title, director, release_date, genre) values (86, 'Stricken (Er komt een vrouw bij de dokter)', 'Solène', '2022-05-14 10:20:34', 'Drama|Romance');
insert into movie (movie_id, title, director, release_date, genre) values (87, 'Earth Days', 'Alizée', '2021-12-28 06:40:45', 'Documentary');
insert into movie (movie_id, title, director, release_date, genre) values (88, 'Pump Up the Volume', 'Maï', '2022-01-06 22:51:01', 'Comedy|Drama');
insert into movie (movie_id, title, director, release_date, genre) values (89, '28 Days Later', 'Fèi', '2021-12-04 03:01:32', 'Action|Horror|Sci-Fi');
insert into movie (movie_id, title, director, release_date, genre) values (90, 'Fjols til fjells', 'Rébecca', '2021-07-04 08:09:35', 'Comedy');
insert into movie (movie_id, title, director, release_date, genre) values (91, 'Man Called Adam, A', 'Vénus', '2022-03-26 13:30:11', 'Drama');
insert into movie (movie_id, title, director, release_date, genre) values (92, 'Chuck Berry Hail! Hail! Rock ''n'' Roll', 'Amélie', '2021-06-18 01:35:08', 'Documentary|Musical');
insert into movie (movie_id, title, director, release_date, genre) values (93, 'Stevie', 'Méline', '2021-06-28 14:32:14', 'Drama|Horror');
insert into movie (movie_id, title, director, release_date, genre) values (94, 'Quartet', 'Méthode', '2022-01-30 22:08:08', 'Comedy|Drama');
insert into movie (movie_id, title, director, release_date, genre) values (95, 'No Time for Love', 'Mén', '2021-12-12 19:46:59', 'Comedy|Romance');
insert into movie (movie_id, title, director, release_date, genre) values (96, 'This So-Called Disaster', 'Salomé', '2022-02-27 09:48:22', 'Documentary');
insert into movie (movie_id, title, director, release_date, genre) values (97, 'Taxi to the Dark Side', 'Marie-françoise', '2021-09-27 02:48:49', 'Documentary');
insert into movie (movie_id, title, director, release_date, genre) values (98, 'Hall Pass', 'Bérengère', '2022-03-21 06:13:25', 'Comedy');
insert into movie (movie_id, title, director, release_date, genre) values (99, 'Salvation, The', 'Göran', '2021-08-20 16:53:16', 'Drama|Western');
insert into movie (movie_id, title, director, release_date, genre) values (100, 'On the Beach', 'Ruì', '2022-02-13 07:39:04', 'Drama');


-- ************************************** `website`.`reviews`
insert into reviews (review_id, user_id, movie_id, rating, text) values (1, 53, 68, 2, 'non lectus aliquam sit amet diam in magna bibendum imperdiet nullam orci pede venenatis non sodales');
insert into reviews (review_id, user_id, movie_id, rating, text) values (2, 59, 70, 1, 'lectus in quam fringilla rhoncus mauris enim leo rhoncus sed vestibulum sit amet');
insert into reviews (review_id, user_id, movie_id, rating, text) values (3, 7, 16, 5, 'et eros vestibulum ac est lacinia nisi venenatis tristique fusce congue diam id ornare');
insert into reviews (review_id, user_id, movie_id, rating, text) values (4, 17, 72, 2, 'justo eu massa donec dapibus duis at velit eu est congue elementum in hac habitasse platea dictumst morbi vestibulum velit');
insert into reviews (review_id, user_id, movie_id, rating, text) values (5, 7, 63, 2, 'id ligula suspendisse ornare consequat lectus in est risus auctor sed tristique');
insert into reviews (review_id, user_id, movie_id, rating, text) values (6, 6, 50, 1, 'id lobortis convallis tortor risus dapibus augue vel accumsan tellus nisi eu');
insert into reviews (review_id, user_id, movie_id, rating, text) values (7, 98, 68, 5, 'cursus id turpis integer aliquet');
insert into reviews (review_id, user_id, movie_id, rating, text) values (8, 90, 75, 2, 'vestibulum sagittis sapien cum sociis natoque penatibus et magnis dis parturient montes nascetur ridiculus mus etiam');
insert into reviews (review_id, user_id, movie_id, rating, text) values (9, 82, 40, 2, 'nonummy maecenas tincidunt lacus at velit vivamus vel');
insert into reviews (review_id, user_id, movie_id, rating, text) values (10, 28, 30, 3, 'justo eu massa donec dapibus duis at velit eu est congue elementum in hac habitasse platea dictumst');
insert into reviews (review_id, user_id, movie_id, rating, text) values (11, 52, 5, 3, 'sociis natoque penatibus et magnis dis');
insert into reviews (review_id, user_id, movie_id, rating, text) values (12, 54, 13, 1, 'in felis eu sapien cursus');
insert into reviews (review_id, user_id, movie_id, rating, text) values (13, 81, 35, 1, 'hac habitasse platea dictumst morbi vestibulum velit id pretium iaculis diam erat fermentum justo nec condimentum neque sapien placerat');
insert into reviews (review_id, user_id, movie_id, rating, text) values (14, 1, 87, 3, 'phasellus in felis donec semper sapien a libero nam dui proin leo odio porttitor id consequat in');
insert into reviews (review_id, user_id, movie_id, rating, text) values (15, 20, 9, 2, 'volutpat sapien arcu sed augue aliquam erat volutpat in congue etiam');
insert into reviews (review_id, user_id, movie_id, rating, text) values (16, 33, 58, 2, 'habitasse platea dictumst aliquam augue quam sollicitudin vitae consectetuer eget rutrum at lorem integer tincidunt ante vel');
insert into reviews (review_id, user_id, movie_id, rating, text) values (17, 70, 26, 3, 'tortor quis turpis sed ante');
insert into reviews (review_id, user_id, movie_id, rating, text) values (18, 2, 96, 5, 'primis in faucibus orci luctus');
insert into reviews (review_id, user_id, movie_id, rating, text) values (19, 3, 20, 5, 'vel nisl duis ac nibh fusce lacus purus aliquet at feugiat non pretium quis lectus');
insert into reviews (review_id, user_id, movie_id, rating, text) values (20, 68, 75, 2, 'tellus nisi eu orci mauris lacinia sapien quis');
insert into reviews (review_id, user_id, movie_id, rating, text) values (21, 2, 6, 4, 'odio odio elementum eu interdum eu tincidunt in leo maecenas pulvinar lobortis est phasellus');
insert into reviews (review_id, user_id, movie_id, rating, text) values (22, 28, 13, 3, 'ullamcorper purus sit amet nulla quisque arcu libero rutrum ac lobortis vel dapibus at diam nam tristique tortor eu');
insert into reviews (review_id, user_id, movie_id, rating, text) values (23, 22, 86, 1, 'id nulla ultrices aliquet maecenas leo odio condimentum');
insert into reviews (review_id, user_id, movie_id, rating, text) values (24, 41, 8, 2, 'nulla nunc purus phasellus in');
insert into reviews (review_id, user_id, movie_id, rating, text) values (25, 9, 46, 5, 'vel enim sit amet nunc viverra dapibus nulla');
insert into reviews (review_id, user_id, movie_id, rating, text) values (26, 40, 34, 5, 'libero nam dui proin leo odio porttitor id consequat in consequat ut');
insert into reviews (review_id, user_id, movie_id, rating, text) values (27, 62, 93, 2, 'ut erat curabitur gravida nisi at');
insert into reviews (review_id, user_id, movie_id, rating, text) values (28, 48, 80, 1, 'ligula sit amet eleifend pede libero quis orci nullam molestie nibh in lectus pellentesque');
insert into reviews (review_id, user_id, movie_id, rating, text) values (29, 36, 68, 4, 'penatibus et magnis dis parturient montes');
insert into reviews (review_id, user_id, movie_id, rating, text) values (30, 55, 30, 1, 'pede libero quis orci nullam molestie nibh in lectus pellentesque at nulla suspendisse potenti cras in');
insert into reviews (review_id, user_id, movie_id, rating, text) values (31, 20, 60, 3, 'pellentesque at nulla suspendisse potenti cras in purus eu magna vulputate luctus cum sociis natoque penatibus et magnis dis');
insert into reviews (review_id, user_id, movie_id, rating, text) values (32, 92, 23, 3, 'posuere cubilia curae donec pharetra');
insert into reviews (review_id, user_id, movie_id, rating, text) values (33, 4, 24, 2, 'augue vestibulum ante ipsum primis in faucibus orci luctus et ultrices posuere cubilia curae donec pharetra magna vestibulum');
insert into reviews (review_id, user_id, movie_id, rating, text) values (34, 17, 63, 2, 'cursus vestibulum proin eu mi nulla ac enim in tempor turpis nec euismod');
insert into reviews (review_id, user_id, movie_id, rating, text) values (35, 70, 24, 3, 'platea dictumst maecenas ut massa quis augue luctus tincidunt nulla mollis molestie lorem quisque ut');
insert into reviews (review_id, user_id, movie_id, rating, text) values (36, 94, 65, 5, 'est phasellus sit amet erat nulla tempus vivamus');
insert into reviews (review_id, user_id, movie_id, rating, text) values (37, 29, 94, 3, 'lorem ipsum dolor sit amet consectetuer adipiscing elit proin risus praesent lectus vestibulum quam sapien varius ut');
insert into reviews (review_id, user_id, movie_id, rating, text) values (38, 43, 66, 2, 'etiam vel augue vestibulum rutrum rutrum neque aenean auctor gravida sem');
insert into reviews (review_id, user_id, movie_id, rating, text) values (39, 14, 50, 1, 'luctus et ultrices posuere cubilia curae donec pharetra magna vestibulum aliquet');
insert into reviews (review_id, user_id, movie_id, rating, text) values (40, 76, 95, 3, 'donec posuere metus vitae ipsum aliquam non mauris morbi non lectus aliquam sit amet diam in magna bibendum');
insert into reviews (review_id, user_id, movie_id, rating, text) values (41, 83, 52, 1, 'enim leo rhoncus sed vestibulum sit amet cursus id');
insert into reviews (review_id, user_id, movie_id, rating, text) values (42, 46, 4, 2, 'in faucibus orci luctus et ultrices posuere cubilia curae donec pharetra magna vestibulum aliquet ultrices erat tortor sollicitudin mi');
insert into reviews (review_id, user_id, movie_id, rating, text) values (43, 59, 14, 2, 'non lectus aliquam sit amet diam in magna bibendum imperdiet nullam orci pede venenatis non sodales sed tincidunt eu felis');
insert into reviews (review_id, user_id, movie_id, rating, text) values (44, 34, 14, 1, 'eu est congue elementum in hac habitasse platea dictumst morbi vestibulum');
insert into reviews (review_id, user_id, movie_id, rating, text) values (45, 66, 57, 3, 'ante ipsum primis in faucibus orci luctus et ultrices posuere cubilia');
insert into reviews (review_id, user_id, movie_id, rating, text) values (46, 82, 37, 1, 'consequat in consequat ut nulla sed accumsan felis ut at dolor quis odio consequat varius integer ac leo pellentesque ultrices');
insert into reviews (review_id, user_id, movie_id, rating, text) values (47, 32, 17, 4, 'fringilla rhoncus mauris enim leo rhoncus sed vestibulum');
insert into reviews (review_id, user_id, movie_id, rating, text) values (48, 16, 68, 4, 'habitasse platea dictumst morbi vestibulum velit id pretium iaculis diam erat fermentum justo nec condimentum neque sapien placerat');
insert into reviews (review_id, user_id, movie_id, rating, text) values (49, 2, 35, 5, 'suscipit ligula in lacus curabitur at ipsum ac tellus semper interdum mauris ullamcorper');
insert into reviews (review_id, user_id, movie_id, rating, text) values (50, 31, 73, 2, 'vestibulum vestibulum ante ipsum primis in faucibus orci luctus et ultrices posuere cubilia curae nulla dapibus');
insert into reviews (review_id, user_id, movie_id, rating, text) values (51, 21, 44, 4, 'ultrices posuere cubilia curae donec pharetra magna vestibulum aliquet ultrices erat tortor sollicitudin mi sit amet lobortis sapien sapien');
insert into reviews (review_id, user_id, movie_id, rating, text) values (52, 55, 22, 5, 'semper interdum mauris ullamcorper purus sit amet nulla quisque arcu libero rutrum ac lobortis vel dapibus at');
insert into reviews (review_id, user_id, movie_id, rating, text) values (53, 83, 39, 5, 'eget massa tempor convallis nulla neque');
insert into reviews (review_id, user_id, movie_id, rating, text) values (54, 73, 45, 2, 'hac habitasse platea dictumst etiam faucibus cursus urna ut tellus nulla ut erat');
insert into reviews (review_id, user_id, movie_id, rating, text) values (55, 86, 16, 4, 'ullamcorper purus sit amet nulla quisque arcu libero rutrum ac');
insert into reviews (review_id, user_id, movie_id, rating, text) values (56, 49, 17, 4, 'sagittis dui vel nisl duis ac nibh fusce lacus');
insert into reviews (review_id, user_id, movie_id, rating, text) values (57, 7, 76, 4, 'massa quis augue luctus tincidunt nulla mollis molestie lorem quisque ut erat curabitur');
insert into reviews (review_id, user_id, movie_id, rating, text) values (58, 5, 79, 1, 'interdum venenatis turpis enim blandit mi in');
insert into reviews (review_id, user_id, movie_id, rating, text) values (59, 90, 68, 4, 'interdum eu tincidunt in leo maecenas pulvinar lobortis est phasellus sit amet erat nulla');
insert into reviews (review_id, user_id, movie_id, rating, text) values (60, 45, 9, 5, 'sit amet nulla quisque arcu libero rutrum ac lobortis vel dapibus at diam nam tristique');
insert into reviews (review_id, user_id, movie_id, rating, text) values (61, 88, 72, 1, 'diam cras pellentesque volutpat dui maecenas tristique est et tempus semper est quam');
insert into reviews (review_id, user_id, movie_id, rating, text) values (62, 1, 66, 4, 'sapien cursus vestibulum proin eu mi');
insert into reviews (review_id, user_id, movie_id, rating, text) values (63, 56, 98, 4, 'sit amet cursus id turpis integer aliquet massa id lobortis convallis tortor risus dapibus');
insert into reviews (review_id, user_id, movie_id, rating, text) values (64, 50, 76, 5, 'massa id nisl venenatis lacinia aenean sit');
insert into reviews (review_id, user_id, movie_id, rating, text) values (65, 52, 52, 3, 'lacinia sapien quis libero nullam sit amet turpis elementum ligula vehicula consequat morbi a ipsum integer a nibh in');
insert into reviews (review_id, user_id, movie_id, rating, text) values (66, 79, 8, 2, 'eget massa tempor convallis nulla neque libero convallis eget eleifend luctus');
insert into reviews (review_id, user_id, movie_id, rating, text) values (67, 67, 83, 1, 'consequat nulla nisl nunc nisl duis bibendum felis sed interdum venenatis turpis');
insert into reviews (review_id, user_id, movie_id, rating, text) values (68, 9, 94, 5, 'gravida nisi at nibh in hac habitasse platea dictumst aliquam augue quam sollicitudin vitae consectetuer eget rutrum');
insert into reviews (review_id, user_id, movie_id, rating, text) values (69, 21, 44, 2, 'vitae nisi nam ultrices libero');
insert into reviews (review_id, user_id, movie_id, rating, text) values (70, 90, 38, 4, 'integer ac neque duis bibendum morbi non quam nec dui luctus rutrum');
insert into reviews (review_id, user_id, movie_id, rating, text) values (71, 89, 97, 5, 'tellus in sagittis dui vel nisl duis ac nibh fusce lacus purus');
insert into reviews (review_id, user_id, movie_id, rating, text) values (72, 5, 45, 3, 'mi integer ac neque duis bibendum morbi non quam nec dui luctus rutrum nulla tellus');
insert into reviews (review_id, user_id, movie_id, rating, text) values (73, 9, 53, 5, 'egestas metus aenean fermentum donec ut mauris eget massa tempor convallis nulla');
insert into reviews (review_id, user_id, movie_id, rating, text) values (74, 66, 60, 5, 'orci luctus et ultrices posuere cubilia curae mauris viverra diam vitae quam suspendisse potenti');
insert into reviews (review_id, user_id, movie_id, rating, text) values (75, 28, 28, 3, 'dictumst maecenas ut massa quis augue luctus');
insert into reviews (review_id, user_id, movie_id, rating, text) values (76, 41, 95, 5, 'consequat morbi a ipsum integer a nibh in quis justo maecenas');
insert into reviews (review_id, user_id, movie_id, rating, text) values (77, 50, 28, 1, 'dapibus duis at velit eu est congue elementum in hac habitasse platea dictumst morbi vestibulum velit id pretium iaculis diam');
insert into reviews (review_id, user_id, movie_id, rating, text) values (78, 49, 50, 2, 'est congue elementum in hac habitasse platea dictumst morbi vestibulum velit id pretium');
insert into reviews (review_id, user_id, movie_id, rating, text) values (79, 74, 37, 3, 'integer pede justo lacinia eget tincidunt eget tempus');
insert into reviews (review_id, user_id, movie_id, rating, text) values (80, 98, 58, 5, 'sit amet nunc viverra dapibus nulla');
insert into reviews (review_id, user_id, movie_id, rating, text) values (81, 80, 68, 5, 'congue eget semper rutrum nulla nunc purus phasellus in felis donec semper sapien a libero nam dui');
insert into reviews (review_id, user_id, movie_id, rating, text) values (82, 14, 55, 5, 'odio odio elementum eu interdum eu tincidunt in leo maecenas pulvinar lobortis est phasellus sit amet erat nulla');
insert into reviews (review_id, user_id, movie_id, rating, text) values (83, 100, 74, 2, 'odio consequat varius integer ac leo pellentesque ultrices mattis odio donec vitae nisi nam ultrices libero non mattis');
insert into reviews (review_id, user_id, movie_id, rating, text) values (84, 3, 44, 4, 'quam turpis adipiscing lorem vitae mattis nibh ligula nec sem duis aliquam convallis nunc proin');
insert into reviews (review_id, user_id, movie_id, rating, text) values (85, 62, 13, 1, 'nulla nisl nunc nisl duis bibendum felis sed interdum venenatis turpis enim blandit mi in porttitor pede');
insert into reviews (review_id, user_id, movie_id, rating, text) values (86, 2, 3, 3, 'amet consectetuer adipiscing elit proin risus praesent lectus vestibulum quam sapien varius ut blandit non interdum in ante vestibulum ante');
insert into reviews (review_id, user_id, movie_id, rating, text) values (87, 34, 1, 4, 'quis odio consequat varius integer ac leo pellentesque ultrices mattis odio donec vitae');
insert into reviews (review_id, user_id, movie_id, rating, text) values (88, 87, 36, 3, 'aenean sit amet justo morbi ut odio cras mi');
insert into reviews (review_id, user_id, movie_id, rating, text) values (89, 75, 63, 2, 'arcu adipiscing molestie hendrerit at vulputate vitae nisl aenean lectus pellentesque eget');
insert into reviews (review_id, user_id, movie_id, rating, text) values (90, 43, 66, 2, 'vitae nisi nam ultrices libero non mattis pulvinar nulla pede ullamcorper augue a suscipit');
insert into reviews (review_id, user_id, movie_id, rating, text) values (91, 22, 29, 3, 'vehicula condimentum curabitur in libero ut massa volutpat convallis');
insert into reviews (review_id, user_id, movie_id, rating, text) values (92, 77, 25, 1, 'quis lectus suspendisse potenti in eleifend quam a odio in hac habitasse platea dictumst maecenas ut massa quis augue luctus');
insert into reviews (review_id, user_id, movie_id, rating, text) values (93, 30, 36, 3, 'cubilia curae duis faucibus accumsan odio curabitur convallis duis');
insert into reviews (review_id, user_id, movie_id, rating, text) values (94, 87, 90, 5, 'vestibulum sit amet cursus id turpis integer aliquet massa id');
insert into reviews (review_id, user_id, movie_id, rating, text) values (95, 52, 41, 3, 'pretium quis lectus suspendisse potenti in eleifend quam a odio in hac habitasse platea dictumst maecenas ut massa');
insert into reviews (review_id, user_id, movie_id, rating, text) values (96, 91, 37, 1, 'rutrum neque aenean auctor gravida sem praesent id massa id nisl venenatis lacinia aenean sit amet justo morbi ut odio');
insert into reviews (review_id, user_id, movie_id, rating, text) values (97, 34, 90, 5, 'lorem ipsum dolor sit amet consectetuer adipiscing elit proin risus praesent lectus vestibulum');
insert into reviews (review_id, user_id, movie_id, rating, text) values (98, 38, 51, 1, 'quisque id justo sit amet sapien dignissim vestibulum vestibulum ante ipsum primis');
insert into reviews (review_id, user_id, movie_id, rating, text) values (99, 55, 55, 2, 'in felis eu sapien cursus vestibulum proin eu mi nulla');
insert into reviews (review_id, user_id, movie_id, rating, text) values (100, 88, 42, 1, 'adipiscing lorem vitae mattis nibh ligula nec sem duis aliquam convallis nunc proin at turpis a pede');
insert into reviews (review_id, user_id, movie_id, rating, text) values (101, 51, 52, 3, 'sapien quis libero nullam sit');
insert into reviews (review_id, user_id, movie_id, rating, text) values (102, 31, 36, 2, 'tortor risus dapibus augue vel');
insert into reviews (review_id, user_id, movie_id, rating, text) values (103, 86, 65, 4, 'lectus in quam fringilla rhoncus mauris enim');
insert into reviews (review_id, user_id, movie_id, rating, text) values (104, 39, 78, 1, 'pellentesque at nulla suspendisse potenti cras in purus eu magna vulputate');
insert into reviews (review_id, user_id, movie_id, rating, text) values (105, 29, 28, 4, 'dui vel nisl duis ac nibh fusce lacus purus aliquet');
insert into reviews (review_id, user_id, movie_id, rating, text) values (106, 51, 21, 3, 'luctus et ultrices posuere cubilia curae donec');
insert into reviews (review_id, user_id, movie_id, rating, text) values (107, 29, 19, 2, 'tincidunt ante vel ipsum praesent blandit lacinia erat');
insert into reviews (review_id, user_id, movie_id, rating, text) values (108, 35, 37, 1, 'accumsan tellus nisi eu orci mauris lacinia sapien quis libero nullam sit amet turpis elementum ligula');
insert into reviews (review_id, user_id, movie_id, rating, text) values (109, 59, 40, 3, 'dictumst maecenas ut massa quis augue luctus tincidunt nulla mollis molestie lorem quisque ut');
insert into reviews (review_id, user_id, movie_id, rating, text) values (110, 84, 21, 4, 'ipsum dolor sit amet consectetuer adipiscing elit');
insert into reviews (review_id, user_id, movie_id, rating, text) values (111, 18, 44, 5, 'vivamus tortor duis mattis egestas');
insert into reviews (review_id, user_id, movie_id, rating, text) values (112, 11, 1, 1, 'quisque ut erat curabitur gravida nisi at nibh');
insert into reviews (review_id, user_id, movie_id, rating, text) values (113, 37, 11, 3, 'ipsum dolor sit amet consectetuer adipiscing elit proin interdum mauris non ligula pellentesque ultrices phasellus id sapien');
insert into reviews (review_id, user_id, movie_id, rating, text) values (114, 23, 64, 2, 'varius ut blandit non interdum in ante vestibulum ante ipsum primis');
insert into reviews (review_id, user_id, movie_id, rating, text) values (115, 66, 22, 1, 'adipiscing elit proin interdum mauris non ligula pellentesque ultrices phasellus id');
insert into reviews (review_id, user_id, movie_id, rating, text) values (116, 22, 8, 1, 'eget eros elementum pellentesque quisque porta volutpat erat');
insert into reviews (review_id, user_id, movie_id, rating, text) values (117, 25, 74, 5, 'turpis adipiscing lorem vitae mattis nibh ligula nec sem duis aliquam convallis nunc proin at turpis a');
insert into reviews (review_id, user_id, movie_id, rating, text) values (118, 53, 79, 3, 'sagittis sapien cum sociis natoque penatibus et magnis dis parturient montes nascetur ridiculus mus etiam vel augue');
insert into reviews (review_id, user_id, movie_id, rating, text) values (119, 21, 10, 5, 'nisi at nibh in hac habitasse platea dictumst aliquam augue quam sollicitudin vitae consectetuer eget');
insert into reviews (review_id, user_id, movie_id, rating, text) values (120, 87, 44, 4, 'penatibus et magnis dis parturient montes nascetur ridiculus mus etiam vel');
insert into reviews (review_id, user_id, movie_id, rating, text) values (121, 64, 91, 1, 'habitasse platea dictumst morbi vestibulum velit id');
insert into reviews (review_id, user_id, movie_id, rating, text) values (122, 13, 24, 5, 'morbi sem mauris laoreet ut rhoncus aliquet pulvinar sed nisl nunc rhoncus dui vel sem');
insert into reviews (review_id, user_id, movie_id, rating, text) values (123, 83, 63, 4, 'nec sem duis aliquam convallis nunc proin');
insert into reviews (review_id, user_id, movie_id, rating, text) values (124, 64, 10, 3, 'interdum mauris ullamcorper purus sit amet nulla quisque arcu libero rutrum');
insert into reviews (review_id, user_id, movie_id, rating, text) values (125, 87, 58, 2, 'posuere cubilia curae donec pharetra magna vestibulum aliquet ultrices erat tortor sollicitudin mi sit amet lobortis sapien sapien non');
insert into reviews (review_id, user_id, movie_id, rating, text) values (126, 74, 59, 5, 'a odio in hac habitasse platea dictumst maecenas ut massa quis augue luctus tincidunt nulla mollis molestie lorem quisque');
insert into reviews (review_id, user_id, movie_id, rating, text) values (127, 38, 43, 1, 'pretium quis lectus suspendisse potenti in eleifend quam a odio in hac habitasse');
insert into reviews (review_id, user_id, movie_id, rating, text) values (128, 65, 13, 2, 'nulla suscipit ligula in lacus');
insert into reviews (review_id, user_id, movie_id, rating, text) values (129, 61, 26, 1, 'platea dictumst aliquam augue quam sollicitudin vitae consectetuer eget rutrum at lorem integer tincidunt');
insert into reviews (review_id, user_id, movie_id, rating, text) values (130, 64, 19, 3, 'ante nulla justo aliquam quis turpis eget elit sodales scelerisque mauris sit amet eros suspendisse accumsan tortor quis turpis');
insert into reviews (review_id, user_id, movie_id, rating, text) values (131, 16, 12, 5, 'et tempus semper est quam');
insert into reviews (review_id, user_id, movie_id, rating, text) values (132, 80, 12, 4, 'non lectus aliquam sit amet diam in magna bibendum');
insert into reviews (review_id, user_id, movie_id, rating, text) values (133, 6, 99, 2, 'integer a nibh in quis justo maecenas rhoncus aliquam lacus morbi quis tortor id nulla ultrices aliquet maecenas leo odio');
insert into reviews (review_id, user_id, movie_id, rating, text) values (134, 99, 36, 4, 'tincidunt eget tempus vel pede');
insert into reviews (review_id, user_id, movie_id, rating, text) values (135, 33, 64, 4, 'duis faucibus accumsan odio curabitur convallis duis consequat');
insert into reviews (review_id, user_id, movie_id, rating, text) values (136, 99, 83, 4, 'eu nibh quisque id justo sit amet sapien dignissim');
insert into reviews (review_id, user_id, movie_id, rating, text) values (137, 27, 95, 4, 'sapien arcu sed augue aliquam erat volutpat in congue etiam justo etiam pretium iaculis');
insert into reviews (review_id, user_id, movie_id, rating, text) values (138, 99, 25, 3, 'praesent blandit nam nulla integer pede justo lacinia eget tincidunt eget tempus vel pede morbi porttitor lorem id ligula suspendisse');
insert into reviews (review_id, user_id, movie_id, rating, text) values (139, 67, 39, 5, 'blandit nam nulla integer pede justo lacinia eget tincidunt eget tempus vel pede morbi porttitor lorem id ligula suspendisse ornare');
insert into reviews (review_id, user_id, movie_id, rating, text) values (140, 16, 56, 2, 'aliquet maecenas leo odio condimentum id luctus nec molestie sed justo');
insert into reviews (review_id, user_id, movie_id, rating, text) values (141, 69, 89, 3, 'ut erat curabitur gravida nisi at nibh in hac habitasse platea dictumst aliquam augue quam sollicitudin');
insert into reviews (review_id, user_id, movie_id, rating, text) values (142, 86, 21, 4, 'quis augue luctus tincidunt nulla mollis molestie lorem quisque ut erat curabitur gravida');
insert into reviews (review_id, user_id, movie_id, rating, text) values (143, 32, 99, 1, 'suspendisse potenti nullam porttitor lacus at turpis donec');
insert into reviews (review_id, user_id, movie_id, rating, text) values (144, 27, 98, 3, 'cras non velit nec nisi vulputate nonummy maecenas tincidunt lacus at velit vivamus vel nulla eget eros elementum');
insert into reviews (review_id, user_id, movie_id, rating, text) values (145, 34, 93, 1, 'in faucibus orci luctus et ultrices posuere cubilia');
insert into reviews (review_id, user_id, movie_id, rating, text) values (146, 36, 12, 5, 'consequat lectus in est risus auctor sed tristique in tempus sit amet sem fusce consequat');
insert into reviews (review_id, user_id, movie_id, rating, text) values (147, 21, 57, 4, 'justo pellentesque viverra pede ac diam cras pellentesque volutpat dui maecenas tristique est et tempus semper est quam pharetra magna');
insert into reviews (review_id, user_id, movie_id, rating, text) values (148, 44, 51, 4, 'quam fringilla rhoncus mauris enim leo');
insert into reviews (review_id, user_id, movie_id, rating, text) values (149, 34, 87, 5, 'mollis molestie lorem quisque ut erat curabitur gravida nisi at nibh in hac');
insert into reviews (review_id, user_id, movie_id, rating, text) values (150, 2, 48, 5, 'rutrum ac lobortis vel dapibus at');
insert into reviews (review_id, user_id, movie_id, rating, text) values (151, 22, 48, 5, 'eget tincidunt eget tempus vel pede morbi porttitor lorem');
insert into reviews (review_id, user_id, movie_id, rating, text) values (152, 97, 23, 2, 'ac est lacinia nisi venenatis tristique fusce congue diam id ornare imperdiet sapien');
insert into reviews (review_id, user_id, movie_id, rating, text) values (153, 20, 76, 2, 'tempus sit amet sem fusce consequat nulla nisl nunc nisl duis bibendum felis sed interdum venenatis turpis');
insert into reviews (review_id, user_id, movie_id, rating, text) values (154, 17, 45, 1, 'cursus urna ut tellus nulla ut erat id mauris vulputate elementum nullam varius');
insert into reviews (review_id, user_id, movie_id, rating, text) values (155, 53, 23, 3, 'molestie hendrerit at vulputate vitae');
insert into reviews (review_id, user_id, movie_id, rating, text) values (156, 24, 59, 1, 'posuere nonummy integer non velit donec diam neque vestibulum eget vulputate ut ultrices vel');
insert into reviews (review_id, user_id, movie_id, rating, text) values (157, 100, 47, 3, 'aliquam lacus morbi quis tortor id nulla ultrices aliquet maecenas');
insert into reviews (review_id, user_id, movie_id, rating, text) values (158, 40, 66, 4, 'venenatis non sodales sed tincidunt eu');
insert into reviews (review_id, user_id, movie_id, rating, text) values (159, 64, 12, 1, 'nibh quisque id justo sit amet sapien dignissim vestibulum vestibulum');
insert into reviews (review_id, user_id, movie_id, rating, text) values (160, 18, 46, 5, 'nec euismod scelerisque quam turpis adipiscing lorem vitae mattis nibh ligula nec sem duis aliquam convallis nunc proin at turpis');
insert into reviews (review_id, user_id, movie_id, rating, text) values (161, 93, 14, 5, 'venenatis non sodales sed tincidunt eu felis fusce posuere felis sed lacus');
insert into reviews (review_id, user_id, movie_id, rating, text) values (162, 14, 22, 5, 'aliquam augue quam sollicitudin vitae consectetuer eget rutrum at');
insert into reviews (review_id, user_id, movie_id, rating, text) values (163, 12, 55, 2, 'vivamus vel nulla eget eros elementum pellentesque quisque porta volutpat erat quisque erat eros viverra eget congue');
insert into reviews (review_id, user_id, movie_id, rating, text) values (164, 5, 74, 5, 'vulputate vitae nisl aenean lectus');
insert into reviews (review_id, user_id, movie_id, rating, text) values (165, 81, 72, 1, 'lacinia aenean sit amet justo morbi ut odio cras mi pede malesuada in imperdiet et');
insert into reviews (review_id, user_id, movie_id, rating, text) values (166, 6, 54, 3, 'neque aenean auctor gravida sem praesent id massa id nisl');
insert into reviews (review_id, user_id, movie_id, rating, text) values (167, 38, 72, 1, 'sapien arcu sed augue aliquam erat volutpat in congue etiam justo etiam pretium');
insert into reviews (review_id, user_id, movie_id, rating, text) values (168, 75, 38, 4, 'etiam faucibus cursus urna ut tellus nulla ut erat');
insert into reviews (review_id, user_id, movie_id, rating, text) values (169, 9, 99, 2, 'auctor sed tristique in tempus sit amet sem fusce consequat nulla nisl nunc nisl duis bibendum');
insert into reviews (review_id, user_id, movie_id, rating, text) values (170, 90, 52, 5, 'nonummy integer non velit donec diam neque vestibulum eget vulputate ut ultrices');
insert into reviews (review_id, user_id, movie_id, rating, text) values (171, 69, 74, 3, 'euismod scelerisque quam turpis adipiscing lorem vitae mattis');
insert into reviews (review_id, user_id, movie_id, rating, text) values (172, 7, 94, 4, 'in blandit ultrices enim lorem ipsum dolor sit amet consectetuer adipiscing elit proin interdum mauris non ligula');
insert into reviews (review_id, user_id, movie_id, rating, text) values (173, 8, 26, 4, 'vel lectus in quam fringilla rhoncus mauris enim leo rhoncus sed vestibulum sit amet cursus id turpis integer aliquet');
insert into reviews (review_id, user_id, movie_id, rating, text) values (174, 6, 72, 2, 'non sodales sed tincidunt eu');
insert into reviews (review_id, user_id, movie_id, rating, text) values (175, 100, 43, 3, 'nisi at nibh in hac habitasse');
insert into reviews (review_id, user_id, movie_id, rating, text) values (176, 17, 27, 4, 'dictumst aliquam augue quam sollicitudin vitae consectetuer eget');
insert into reviews (review_id, user_id, movie_id, rating, text) values (177, 65, 64, 4, 'nonummy integer non velit donec diam neque vestibulum eget vulputate ut ultrices vel augue vestibulum ante ipsum primis in faucibus');
insert into reviews (review_id, user_id, movie_id, rating, text) values (178, 85, 25, 1, 'nulla eget eros elementum pellentesque quisque porta volutpat erat quisque erat eros viverra eget congue eget');
insert into reviews (review_id, user_id, movie_id, rating, text) values (179, 61, 30, 5, 'accumsan tortor quis turpis sed ante vivamus tortor duis mattis egestas metus aenean fermentum donec ut');
insert into reviews (review_id, user_id, movie_id, rating, text) values (180, 93, 69, 3, 'lorem ipsum dolor sit amet consectetuer adipiscing elit proin risus praesent lectus vestibulum');
insert into reviews (review_id, user_id, movie_id, rating, text) values (181, 59, 31, 3, 'justo eu massa donec dapibus duis at velit eu est congue');
insert into reviews (review_id, user_id, movie_id, rating, text) values (182, 88, 56, 1, 'ac neque duis bibendum morbi non quam');
insert into reviews (review_id, user_id, movie_id, rating, text) values (183, 41, 7, 2, 'aliquet maecenas leo odio condimentum id luctus');
insert into reviews (review_id, user_id, movie_id, rating, text) values (184, 48, 92, 1, 'congue elementum in hac habitasse platea dictumst morbi vestibulum velit id pretium iaculis diam');
insert into reviews (review_id, user_id, movie_id, rating, text) values (185, 65, 58, 5, 'nulla sed accumsan felis ut at dolor quis odio consequat varius integer ac leo pellentesque ultrices mattis');
insert into reviews (review_id, user_id, movie_id, rating, text) values (186, 15, 47, 1, 'justo lacinia eget tincidunt eget tempus vel pede morbi porttitor lorem id ligula suspendisse ornare');
insert into reviews (review_id, user_id, movie_id, rating, text) values (187, 21, 15, 1, 'dui vel nisl duis ac nibh fusce lacus purus aliquet at feugiat non pretium quis lectus suspendisse potenti in');
insert into reviews (review_id, user_id, movie_id, rating, text) values (188, 55, 70, 5, 'quis odio consequat varius integer ac leo pellentesque ultrices mattis odio donec vitae nisi nam ultrices');
insert into reviews (review_id, user_id, movie_id, rating, text) values (189, 16, 66, 4, 'diam id ornare imperdiet sapien urna pretium nisl ut volutpat sapien arcu sed augue aliquam erat');
insert into reviews (review_id, user_id, movie_id, rating, text) values (190, 48, 99, 5, 'quisque id justo sit amet sapien dignissim vestibulum vestibulum ante ipsum primis in faucibus orci luctus et ultrices posuere');
insert into reviews (review_id, user_id, movie_id, rating, text) values (191, 72, 82, 5, 'vel nulla eget eros elementum pellentesque quisque porta volutpat erat quisque erat eros viverra eget congue eget semper rutrum');
insert into reviews (review_id, user_id, movie_id, rating, text) values (192, 39, 99, 4, 'volutpat in congue etiam justo etiam pretium iaculis justo in hac habitasse platea dictumst etiam faucibus');
insert into reviews (review_id, user_id, movie_id, rating, text) values (193, 29, 51, 4, 'penatibus et magnis dis parturient montes nascetur ridiculus mus vivamus vestibulum');
insert into reviews (review_id, user_id, movie_id, rating, text) values (194, 65, 42, 5, 'lectus suspendisse potenti in eleifend quam a odio in hac habitasse platea dictumst');
insert into reviews (review_id, user_id, movie_id, rating, text) values (195, 58, 22, 4, 'erat id mauris vulputate elementum nullam varius nulla facilisi cras non velit nec nisi');
insert into reviews (review_id, user_id, movie_id, rating, text) values (196, 65, 53, 1, 'sit amet consectetuer adipiscing elit proin interdum');
insert into reviews (review_id, user_id, movie_id, rating, text) values (197, 74, 67, 1, 'ut massa quis augue luctus tincidunt nulla mollis molestie lorem quisque ut erat curabitur gravida nisi at nibh in hac');
insert into reviews (review_id, user_id, movie_id, rating, text) values (198, 42, 18, 4, 'ornare imperdiet sapien urna pretium nisl');
insert into reviews (review_id, user_id, movie_id, rating, text) values (199, 59, 72, 5, 'massa tempor convallis nulla neque libero convallis eget eleifend luctus ultricies eu nibh quisque id justo sit');
insert into reviews (review_id, user_id, movie_id, rating, text) values (200, 9, 32, 3, 'cras mi pede malesuada in imperdiet et commodo vulputate justo in blandit ultrices enim');
insert into reviews (review_id, user_id, movie_id, rating, text) values (201, 76, 27, 2, 'pellentesque viverra pede ac diam cras pellentesque volutpat dui maecenas tristique est');
insert into reviews (review_id, user_id, movie_id, rating, text) values (202, 17, 14, 5, 'in sapien iaculis congue vivamus metus arcu adipiscing molestie hendrerit at vulputate vitae nisl aenean lectus pellentesque eget');
insert into reviews (review_id, user_id, movie_id, rating, text) values (203, 59, 31, 3, 'pede lobortis ligula sit amet eleifend');
insert into reviews (review_id, user_id, movie_id, rating, text) values (204, 3, 6, 3, 'est donec odio justo sollicitudin ut suscipit a feugiat et eros vestibulum ac est');
insert into reviews (review_id, user_id, movie_id, rating, text) values (205, 35, 11, 3, 'amet consectetuer adipiscing elit proin risus praesent lectus vestibulum');
insert into reviews (review_id, user_id, movie_id, rating, text) values (206, 49, 40, 2, 'cras in purus eu magna vulputate luctus cum sociis natoque penatibus et magnis');
insert into reviews (review_id, user_id, movie_id, rating, text) values (207, 63, 41, 5, 'accumsan felis ut at dolor quis odio consequat varius integer');
insert into reviews (review_id, user_id, movie_id, rating, text) values (208, 46, 67, 3, 'in est risus auctor sed tristique in tempus sit amet sem');
insert into reviews (review_id, user_id, movie_id, rating, text) values (209, 5, 62, 4, 'lacus morbi sem mauris laoreet ut rhoncus aliquet pulvinar sed');
insert into reviews (review_id, user_id, movie_id, rating, text) values (210, 99, 100, 2, 'felis fusce posuere felis sed lacus morbi sem mauris laoreet ut rhoncus aliquet');
insert into reviews (review_id, user_id, movie_id, rating, text) values (211, 93, 94, 1, 'nullam porttitor lacus at turpis donec posuere metus vitae ipsum aliquam');
insert into reviews (review_id, user_id, movie_id, rating, text) values (212, 17, 80, 2, 'lectus pellentesque eget nunc donec quis orci');
insert into reviews (review_id, user_id, movie_id, rating, text) values (213, 86, 78, 4, 'varius integer ac leo pellentesque ultrices mattis odio donec');
insert into reviews (review_id, user_id, movie_id, rating, text) values (214, 97, 79, 4, 'ante nulla justo aliquam quis turpis eget elit sodales scelerisque mauris sit');
insert into reviews (review_id, user_id, movie_id, rating, text) values (215, 84, 70, 4, 'pellentesque ultrices mattis odio donec vitae');
insert into reviews (review_id, user_id, movie_id, rating, text) values (216, 74, 96, 4, 'mauris enim leo rhoncus sed vestibulum sit amet cursus id turpis');
insert into reviews (review_id, user_id, movie_id, rating, text) values (217, 38, 28, 5, 'enim lorem ipsum dolor sit amet consectetuer adipiscing elit proin interdum mauris non');
insert into reviews (review_id, user_id, movie_id, rating, text) values (218, 47, 63, 5, 'nulla mollis molestie lorem quisque ut erat curabitur gravida nisi at nibh in hac habitasse platea dictumst aliquam');
insert into reviews (review_id, user_id, movie_id, rating, text) values (219, 95, 76, 5, 'habitasse platea dictumst maecenas ut massa quis augue luctus tincidunt');
insert into reviews (review_id, user_id, movie_id, rating, text) values (220, 64, 82, 5, 'mauris ullamcorper purus sit amet nulla quisque arcu libero rutrum ac lobortis vel dapibus at diam nam tristique tortor eu');
insert into reviews (review_id, user_id, movie_id, rating, text) values (221, 99, 84, 3, 'imperdiet et commodo vulputate justo in blandit');
insert into reviews (review_id, user_id, movie_id, rating, text) values (222, 4, 48, 4, 'sapien arcu sed augue aliquam erat volutpat in congue etiam justo etiam pretium iaculis justo in hac habitasse');
insert into reviews (review_id, user_id, movie_id, rating, text) values (223, 21, 35, 5, 'est risus auctor sed tristique in tempus');
insert into reviews (review_id, user_id, movie_id, rating, text) values (224, 32, 68, 4, 'augue luctus tincidunt nulla mollis molestie lorem quisque ut erat curabitur gravida nisi at nibh in hac habitasse platea dictumst');
insert into reviews (review_id, user_id, movie_id, rating, text) values (225, 87, 50, 1, 'at turpis donec posuere metus');
insert into reviews (review_id, user_id, movie_id, rating, text) values (226, 43, 65, 1, 'in felis donec semper sapien a libero nam dui proin leo odio porttitor');
insert into reviews (review_id, user_id, movie_id, rating, text) values (227, 35, 28, 1, 'varius integer ac leo pellentesque ultrices mattis');
insert into reviews (review_id, user_id, movie_id, rating, text) values (228, 97, 43, 4, 'gravida sem praesent id massa id nisl venenatis lacinia aenean sit amet justo morbi');
insert into reviews (review_id, user_id, movie_id, rating, text) values (229, 90, 66, 3, 'iaculis congue vivamus metus arcu adipiscing molestie hendrerit at');
insert into reviews (review_id, user_id, movie_id, rating, text) values (230, 92, 25, 1, 'cras non velit nec nisi vulputate nonummy maecenas tincidunt');
insert into reviews (review_id, user_id, movie_id, rating, text) values (231, 81, 37, 3, 'vulputate luctus cum sociis natoque penatibus et magnis dis parturient montes nascetur ridiculus mus vivamus');
insert into reviews (review_id, user_id, movie_id, rating, text) values (232, 84, 6, 3, 'a ipsum integer a nibh in quis justo maecenas rhoncus aliquam lacus morbi quis tortor id nulla');
insert into reviews (review_id, user_id, movie_id, rating, text) values (233, 32, 26, 2, 'non lectus aliquam sit amet diam in magna bibendum imperdiet nullam orci pede venenatis non sodales sed tincidunt eu felis');
insert into reviews (review_id, user_id, movie_id, rating, text) values (234, 27, 88, 4, 'diam vitae quam suspendisse potenti nullam porttitor lacus at');
insert into reviews (review_id, user_id, movie_id, rating, text) values (235, 80, 82, 4, 'felis donec semper sapien a libero nam dui proin leo odio');
insert into reviews (review_id, user_id, movie_id, rating, text) values (236, 69, 30, 3, 'consectetuer adipiscing elit proin risus praesent lectus vestibulum quam');
insert into reviews (review_id, user_id, movie_id, rating, text) values (237, 65, 79, 2, 'vestibulum ante ipsum primis in faucibus orci');
insert into reviews (review_id, user_id, movie_id, rating, text) values (238, 6, 52, 4, 'sapien quis libero nullam sit amet turpis elementum ligula vehicula');
insert into reviews (review_id, user_id, movie_id, rating, text) values (239, 74, 81, 3, 'vel augue vestibulum ante ipsum primis in faucibus orci luctus et ultrices posuere');
insert into reviews (review_id, user_id, movie_id, rating, text) values (240, 55, 90, 3, 'quam a odio in hac habitasse platea dictumst maecenas');
insert into reviews (review_id, user_id, movie_id, rating, text) values (241, 14, 94, 5, 'morbi porttitor lorem id ligula');
insert into reviews (review_id, user_id, movie_id, rating, text) values (242, 87, 48, 1, 'curabitur in libero ut massa');
insert into reviews (review_id, user_id, movie_id, rating, text) values (243, 86, 68, 2, 'sit amet lobortis sapien sapien non mi integer ac neque duis bibendum morbi');
insert into reviews (review_id, user_id, movie_id, rating, text) values (244, 66, 96, 3, 'nec molestie sed justo pellentesque viverra pede ac diam cras pellentesque volutpat dui maecenas tristique');
insert into reviews (review_id, user_id, movie_id, rating, text) values (245, 50, 41, 1, 'rutrum nulla tellus in sagittis dui vel nisl duis ac nibh fusce lacus purus aliquet at');
insert into reviews (review_id, user_id, movie_id, rating, text) values (246, 3, 20, 3, 'massa volutpat convallis morbi odio odio elementum eu interdum eu tincidunt in leo maecenas pulvinar');
insert into reviews (review_id, user_id, movie_id, rating, text) values (247, 8, 90, 4, 'non velit donec diam neque vestibulum eget vulputate ut ultrices vel augue');
insert into reviews (review_id, user_id, movie_id, rating, text) values (248, 10, 36, 4, 'suspendisse potenti in eleifend quam');
insert into reviews (review_id, user_id, movie_id, rating, text) values (249, 95, 80, 2, 'ut blandit non interdum in ante vestibulum ante ipsum primis in faucibus');
insert into reviews (review_id, user_id, movie_id, rating, text) values (250, 36, 78, 4, 'volutpat convallis morbi odio odio elementum eu interdum eu tincidunt in leo maecenas pulvinar lobortis est phasellus sit amet');
insert into reviews (review_id, user_id, movie_id, rating, text) values (251, 3, 19, 2, 'a ipsum integer a nibh in quis justo maecenas rhoncus');
insert into reviews (review_id, user_id, movie_id, rating, text) values (252, 31, 76, 5, 'elit proin interdum mauris non ligula pellentesque ultrices');
insert into reviews (review_id, user_id, movie_id, rating, text) values (253, 34, 94, 2, 'augue a suscipit nulla elit ac nulla sed vel enim sit amet nunc viverra dapibus nulla suscipit');
insert into reviews (review_id, user_id, movie_id, rating, text) values (254, 99, 21, 2, 'libero ut massa volutpat convallis morbi odio odio elementum eu interdum eu tincidunt in leo');
insert into reviews (review_id, user_id, movie_id, rating, text) values (255, 22, 48, 3, 'aliquam quis turpis eget elit sodales scelerisque mauris sit amet eros suspendisse');
insert into reviews (review_id, user_id, movie_id, rating, text) values (256, 78, 45, 1, 'mi integer ac neque duis bibendum morbi non quam nec dui luctus rutrum nulla tellus in sagittis dui vel nisl');
insert into reviews (review_id, user_id, movie_id, rating, text) values (257, 28, 86, 3, 'vestibulum aliquet ultrices erat tortor sollicitudin mi sit amet lobortis sapien');
insert into reviews (review_id, user_id, movie_id, rating, text) values (258, 23, 69, 3, 'orci luctus et ultrices posuere cubilia curae nulla dapibus dolor vel est donec odio justo sollicitudin ut suscipit a feugiat');
insert into reviews (review_id, user_id, movie_id, rating, text) values (259, 2, 31, 1, 'phasellus sit amet erat nulla tempus vivamus in felis eu sapien cursus vestibulum proin eu mi nulla');
insert into reviews (review_id, user_id, movie_id, rating, text) values (260, 40, 92, 2, 'in quis justo maecenas rhoncus aliquam lacus morbi quis tortor id nulla ultrices');
insert into reviews (review_id, user_id, movie_id, rating, text) values (261, 47, 6, 3, 'at nulla suspendisse potenti cras in purus eu magna vulputate');
insert into reviews (review_id, user_id, movie_id, rating, text) values (262, 27, 11, 3, 'montes nascetur ridiculus mus vivamus');
insert into reviews (review_id, user_id, movie_id, rating, text) values (263, 32, 96, 5, 'tristique est et tempus semper est quam pharetra magna ac consequat metus sapien ut nunc');
insert into reviews (review_id, user_id, movie_id, rating, text) values (264, 10, 46, 3, 'nulla ac enim in tempor turpis nec');
insert into reviews (review_id, user_id, movie_id, rating, text) values (265, 71, 3, 2, 'massa donec dapibus duis at velit eu est congue elementum');
insert into reviews (review_id, user_id, movie_id, rating, text) values (266, 66, 70, 3, 'consequat metus sapien ut nunc vestibulum ante ipsum primis in faucibus orci luctus et ultrices posuere cubilia curae mauris');
insert into reviews (review_id, user_id, movie_id, rating, text) values (267, 19, 37, 1, 'euismod scelerisque quam turpis adipiscing lorem vitae mattis nibh ligula nec sem');
insert into reviews (review_id, user_id, movie_id, rating, text) values (268, 29, 55, 3, 'phasellus id sapien in sapien iaculis congue vivamus metus arcu adipiscing molestie hendrerit');
insert into reviews (review_id, user_id, movie_id, rating, text) values (269, 68, 88, 5, 'dis parturient montes nascetur ridiculus mus etiam vel augue vestibulum rutrum rutrum neque aenean');
insert into reviews (review_id, user_id, movie_id, rating, text) values (270, 80, 80, 2, 'curabitur at ipsum ac tellus');
insert into reviews (review_id, user_id, movie_id, rating, text) values (271, 99, 9, 2, 'vitae ipsum aliquam non mauris morbi non lectus aliquam');
insert into reviews (review_id, user_id, movie_id, rating, text) values (272, 70, 2, 3, 'in lectus pellentesque at nulla suspendisse potenti cras in');
insert into reviews (review_id, user_id, movie_id, rating, text) values (273, 4, 12, 5, 'ultrices posuere cubilia curae donec pharetra magna vestibulum aliquet ultrices erat tortor sollicitudin mi');
insert into reviews (review_id, user_id, movie_id, rating, text) values (274, 43, 53, 4, 'lectus aliquam sit amet diam in magna bibendum imperdiet nullam orci pede venenatis non sodales');
insert into reviews (review_id, user_id, movie_id, rating, text) values (275, 18, 94, 3, 'non pretium quis lectus suspendisse potenti in eleifend quam');
insert into reviews (review_id, user_id, movie_id, rating, text) values (276, 24, 5, 1, 'ultrices aliquet maecenas leo odio condimentum id luctus nec molestie sed');
insert into reviews (review_id, user_id, movie_id, rating, text) values (277, 46, 61, 2, 'massa volutpat convallis morbi odio odio elementum eu interdum eu tincidunt in');
insert into reviews (review_id, user_id, movie_id, rating, text) values (278, 95, 26, 4, 'congue elementum in hac habitasse platea dictumst morbi vestibulum velit id pretium iaculis diam erat fermentum');
insert into reviews (review_id, user_id, movie_id, rating, text) values (279, 75, 36, 5, 'posuere cubilia curae duis faucibus accumsan odio curabitur convallis duis consequat dui nec nisi volutpat eleifend donec ut dolor morbi');
insert into reviews (review_id, user_id, movie_id, rating, text) values (280, 74, 72, 4, 'sit amet lobortis sapien sapien non mi integer ac neque duis bibendum morbi');
insert into reviews (review_id, user_id, movie_id, rating, text) values (281, 77, 77, 2, 'odio cras mi pede malesuada in imperdiet et commodo vulputate justo in blandit ultrices');
insert into reviews (review_id, user_id, movie_id, rating, text) values (282, 33, 32, 1, 'at nibh in hac habitasse platea dictumst aliquam augue');
insert into reviews (review_id, user_id, movie_id, rating, text) values (283, 12, 75, 1, 'ultricies eu nibh quisque id');
insert into reviews (review_id, user_id, movie_id, rating, text) values (284, 93, 53, 3, 'viverra pede ac diam cras pellentesque');
insert into reviews (review_id, user_id, movie_id, rating, text) values (285, 27, 31, 3, 'donec ut dolor morbi vel lectus in quam fringilla');
insert into reviews (review_id, user_id, movie_id, rating, text) values (286, 64, 51, 1, 'ultricies eu nibh quisque id justo sit amet sapien dignissim vestibulum vestibulum ante ipsum primis in faucibus orci');
insert into reviews (review_id, user_id, movie_id, rating, text) values (287, 81, 48, 4, 'luctus rutrum nulla tellus in sagittis dui vel nisl duis ac nibh fusce lacus purus aliquet at feugiat');
insert into reviews (review_id, user_id, movie_id, rating, text) values (288, 3, 8, 1, 'duis faucibus accumsan odio curabitur convallis duis consequat dui nec nisi volutpat eleifend donec ut dolor morbi vel');
insert into reviews (review_id, user_id, movie_id, rating, text) values (289, 50, 44, 1, 'posuere cubilia curae donec pharetra magna vestibulum aliquet ultrices erat tortor sollicitudin mi sit amet lobortis sapien sapien non mi');
insert into reviews (review_id, user_id, movie_id, rating, text) values (290, 89, 2, 5, 'orci luctus et ultrices posuere cubilia curae duis faucibus accumsan odio curabitur');
insert into reviews (review_id, user_id, movie_id, rating, text) values (291, 73, 100, 2, 'proin eu mi nulla ac enim in tempor turpis nec euismod scelerisque quam turpis adipiscing lorem vitae mattis nibh');
insert into reviews (review_id, user_id, movie_id, rating, text) values (292, 3, 46, 5, 'pellentesque ultrices mattis odio donec vitae nisi nam ultrices libero non mattis pulvinar nulla pede ullamcorper augue a');
insert into reviews (review_id, user_id, movie_id, rating, text) values (293, 65, 98, 2, 'vel ipsum praesent blandit lacinia erat vestibulum sed magna');
insert into reviews (review_id, user_id, movie_id, rating, text) values (294, 89, 23, 3, 'risus praesent lectus vestibulum quam');
insert into reviews (review_id, user_id, movie_id, rating, text) values (295, 30, 80, 3, 'phasellus sit amet erat nulla tempus vivamus in felis eu sapien cursus vestibulum proin eu mi nulla ac enim in');
insert into reviews (review_id, user_id, movie_id, rating, text) values (296, 51, 72, 2, 'justo in blandit ultrices enim lorem ipsum dolor sit amet consectetuer adipiscing elit proin interdum');
insert into reviews (review_id, user_id, movie_id, rating, text) values (297, 95, 74, 4, 'viverra dapibus nulla suscipit ligula in lacus');
insert into reviews (review_id, user_id, movie_id, rating, text) values (298, 81, 58, 3, 'amet sem fusce consequat nulla nisl nunc nisl duis bibendum felis sed interdum venenatis turpis enim blandit mi in porttitor');
insert into reviews (review_id, user_id, movie_id, rating, text) values (299, 72, 43, 1, 'blandit ultrices enim lorem ipsum dolor sit');
insert into reviews (review_id, user_id, movie_id, rating, text) values (300, 62, 29, 2, 'nec sem duis aliquam convallis nunc proin at turpis');
insert into reviews (review_id, user_id, movie_id, rating, text) values (301, 77, 38, 1, 'pretium iaculis justo in hac habitasse platea dictumst etiam faucibus cursus urna ut tellus nulla ut erat id');
insert into reviews (review_id, user_id, movie_id, rating, text) values (302, 40, 65, 2, 'consequat in consequat ut nulla sed accumsan felis ut at dolor quis odio consequat varius');
insert into reviews (review_id, user_id, movie_id, rating, text) values (303, 88, 63, 2, 'in hac habitasse platea dictumst');
insert into reviews (review_id, user_id, movie_id, rating, text) values (304, 7, 15, 2, 'a nibh in quis justo maecenas rhoncus aliquam lacus morbi quis tortor id nulla ultrices');
insert into reviews (review_id, user_id, movie_id, rating, text) values (305, 16, 34, 2, 'lobortis ligula sit amet eleifend pede libero quis orci');
insert into reviews (review_id, user_id, movie_id, rating, text) values (306, 47, 45, 1, 'sapien arcu sed augue aliquam erat volutpat');
insert into reviews (review_id, user_id, movie_id, rating, text) values (307, 90, 88, 1, 'blandit ultrices enim lorem ipsum dolor sit amet consectetuer adipiscing elit proin interdum mauris non ligula');
insert into reviews (review_id, user_id, movie_id, rating, text) values (308, 57, 86, 1, 'sollicitudin mi sit amet lobortis sapien sapien non mi integer ac neque duis bibendum morbi non quam nec dui');
insert into reviews (review_id, user_id, movie_id, rating, text) values (309, 20, 84, 4, 'bibendum morbi non quam nec dui luctus rutrum');
insert into reviews (review_id, user_id, movie_id, rating, text) values (310, 58, 10, 1, 'vel nisl duis ac nibh fusce lacus purus aliquet at feugiat non pretium quis lectus suspendisse potenti');
insert into reviews (review_id, user_id, movie_id, rating, text) values (311, 90, 86, 3, 'sed tincidunt eu felis fusce posuere felis sed lacus morbi sem');
insert into reviews (review_id, user_id, movie_id, rating, text) values (312, 71, 29, 2, 'aenean fermentum donec ut mauris eget massa tempor convallis nulla neque');
insert into reviews (review_id, user_id, movie_id, rating, text) values (313, 49, 90, 2, 'pede posuere nonummy integer non velit donec');
insert into reviews (review_id, user_id, movie_id, rating, text) values (314, 93, 13, 2, 'quam pharetra magna ac consequat metus sapien ut');
insert into reviews (review_id, user_id, movie_id, rating, text) values (315, 72, 87, 5, 'eget elit sodales scelerisque mauris sit amet eros');
insert into reviews (review_id, user_id, movie_id, rating, text) values (316, 38, 64, 3, 'purus aliquet at feugiat non pretium quis lectus suspendisse potenti in eleifend quam a odio in');
insert into reviews (review_id, user_id, movie_id, rating, text) values (317, 95, 91, 2, 'aliquet ultrices erat tortor sollicitudin mi sit amet');
insert into reviews (review_id, user_id, movie_id, rating, text) values (318, 36, 52, 1, 'in faucibus orci luctus et');
insert into reviews (review_id, user_id, movie_id, rating, text) values (319, 70, 95, 5, 'porta volutpat erat quisque erat eros viverra eget congue eget semper rutrum nulla nunc');
insert into reviews (review_id, user_id, movie_id, rating, text) values (320, 72, 91, 2, 'ut nunc vestibulum ante ipsum primis in faucibus orci luctus et ultrices posuere cubilia curae mauris viverra diam');
insert into reviews (review_id, user_id, movie_id, rating, text) values (321, 20, 87, 4, 'ut ultrices vel augue vestibulum ante ipsum primis in faucibus orci luctus et ultrices posuere cubilia');
insert into reviews (review_id, user_id, movie_id, rating, text) values (322, 28, 12, 4, 'viverra diam vitae quam suspendisse potenti nullam porttitor lacus at turpis donec posuere metus');
insert into reviews (review_id, user_id, movie_id, rating, text) values (323, 40, 83, 5, 'blandit lacinia erat vestibulum sed magna at nunc commodo placerat praesent');
insert into reviews (review_id, user_id, movie_id, rating, text) values (324, 63, 17, 2, 'vel augue vestibulum rutrum rutrum neque aenean auctor gravida sem praesent id massa');
insert into reviews (review_id, user_id, movie_id, rating, text) values (325, 9, 65, 5, 'eget rutrum at lorem integer tincidunt ante vel ipsum praesent blandit lacinia');
insert into reviews (review_id, user_id, movie_id, rating, text) values (326, 82, 52, 2, 'in hac habitasse platea dictumst aliquam augue quam');
insert into reviews (review_id, user_id, movie_id, rating, text) values (327, 83, 10, 4, 'porttitor id consequat in consequat ut nulla sed accumsan felis ut at dolor quis odio consequat varius');
insert into reviews (review_id, user_id, movie_id, rating, text) values (328, 68, 61, 4, 'ac nulla sed vel enim sit amet nunc viverra dapibus nulla suscipit ligula in lacus curabitur');
insert into reviews (review_id, user_id, movie_id, rating, text) values (329, 6, 69, 4, 'velit eu est congue elementum in hac habitasse platea');
insert into reviews (review_id, user_id, movie_id, rating, text) values (330, 3, 86, 3, 'posuere cubilia curae donec pharetra magna vestibulum');
insert into reviews (review_id, user_id, movie_id, rating, text) values (331, 52, 98, 5, 'tincidunt eget tempus vel pede morbi porttitor lorem id ligula suspendisse ornare consequat lectus in est risus auctor sed tristique');
insert into reviews (review_id, user_id, movie_id, rating, text) values (332, 4, 35, 3, 'accumsan tortor quis turpis sed ante vivamus tortor duis mattis egestas metus aenean fermentum donec ut mauris');
insert into reviews (review_id, user_id, movie_id, rating, text) values (333, 75, 41, 2, 'sem praesent id massa id nisl');
insert into reviews (review_id, user_id, movie_id, rating, text) values (334, 29, 51, 4, 'velit eu est congue elementum in hac habitasse platea dictumst morbi vestibulum');
insert into reviews (review_id, user_id, movie_id, rating, text) values (335, 36, 74, 5, 'tellus nulla ut erat id mauris vulputate elementum nullam varius');
insert into reviews (review_id, user_id, movie_id, rating, text) values (336, 53, 68, 1, 'nulla dapibus dolor vel est donec odio justo sollicitudin ut suscipit a feugiat et eros vestibulum');
insert into reviews (review_id, user_id, movie_id, rating, text) values (337, 85, 75, 2, 'sed justo pellentesque viverra pede ac diam cras pellentesque volutpat dui maecenas tristique est et tempus');
insert into reviews (review_id, user_id, movie_id, rating, text) values (338, 10, 86, 4, 'ante ipsum primis in faucibus orci luctus et ultrices posuere cubilia curae mauris viverra');
insert into reviews (review_id, user_id, movie_id, rating, text) values (339, 95, 30, 1, 'a pede posuere nonummy integer non velit donec diam neque vestibulum eget vulputate ut');
insert into reviews (review_id, user_id, movie_id, rating, text) values (340, 49, 31, 2, 'in leo maecenas pulvinar lobortis est phasellus sit amet erat nulla tempus vivamus in');
insert into reviews (review_id, user_id, movie_id, rating, text) values (341, 36, 37, 2, 'faucibus cursus urna ut tellus nulla ut erat id mauris vulputate');
insert into reviews (review_id, user_id, movie_id, rating, text) values (342, 42, 83, 3, 'interdum eu tincidunt in leo maecenas pulvinar lobortis est');
insert into reviews (review_id, user_id, movie_id, rating, text) values (343, 93, 27, 4, 'et ultrices posuere cubilia curae donec pharetra magna vestibulum aliquet ultrices erat tortor sollicitudin mi sit amet lobortis sapien');
insert into reviews (review_id, user_id, movie_id, rating, text) values (344, 29, 41, 4, 'venenatis lacinia aenean sit amet justo morbi ut odio cras mi pede malesuada in imperdiet et commodo vulputate justo in');
insert into reviews (review_id, user_id, movie_id, rating, text) values (345, 71, 16, 1, 'in ante vestibulum ante ipsum primis in faucibus orci luctus');
insert into reviews (review_id, user_id, movie_id, rating, text) values (346, 49, 23, 1, 'dui luctus rutrum nulla tellus in');
insert into reviews (review_id, user_id, movie_id, rating, text) values (347, 79, 35, 1, 'nulla suspendisse potenti cras in purus');
insert into reviews (review_id, user_id, movie_id, rating, text) values (348, 77, 35, 1, 'scelerisque mauris sit amet eros suspendisse accumsan tortor quis turpis sed ante vivamus tortor duis');
insert into reviews (review_id, user_id, movie_id, rating, text) values (349, 10, 87, 5, 'morbi quis tortor id nulla ultrices aliquet maecenas leo odio');
insert into reviews (review_id, user_id, movie_id, rating, text) values (350, 6, 53, 1, 'eget eleifend luctus ultricies eu nibh quisque id justo');
insert into reviews (review_id, user_id, movie_id, rating, text) values (351, 47, 65, 5, 'nonummy integer non velit donec diam neque vestibulum eget vulputate ut');
insert into reviews (review_id, user_id, movie_id, rating, text) values (352, 3, 32, 4, 'nisi volutpat eleifend donec ut');
insert into reviews (review_id, user_id, movie_id, rating, text) values (353, 43, 37, 3, 'tellus nulla ut erat id mauris vulputate');
insert into reviews (review_id, user_id, movie_id, rating, text) values (354, 51, 74, 3, 'vivamus vestibulum sagittis sapien cum sociis natoque penatibus et magnis dis parturient');
insert into reviews (review_id, user_id, movie_id, rating, text) values (355, 23, 81, 2, 'elit ac nulla sed vel enim sit amet nunc viverra dapibus nulla suscipit ligula in lacus curabitur at ipsum');
insert into reviews (review_id, user_id, movie_id, rating, text) values (356, 98, 94, 1, 'odio elementum eu interdum eu tincidunt in leo maecenas pulvinar lobortis est');
insert into reviews (review_id, user_id, movie_id, rating, text) values (357, 16, 1, 1, 'mauris laoreet ut rhoncus aliquet pulvinar sed');
insert into reviews (review_id, user_id, movie_id, rating, text) values (358, 70, 79, 5, 'a feugiat et eros vestibulum ac');
insert into reviews (review_id, user_id, movie_id, rating, text) values (359, 68, 57, 5, 'nibh ligula nec sem duis aliquam convallis nunc proin at turpis a');
insert into reviews (review_id, user_id, movie_id, rating, text) values (360, 7, 58, 1, 'magnis dis parturient montes nascetur ridiculus mus etiam vel augue vestibulum');
insert into reviews (review_id, user_id, movie_id, rating, text) values (361, 77, 67, 1, 'risus praesent lectus vestibulum quam sapien');
insert into reviews (review_id, user_id, movie_id, rating, text) values (362, 28, 14, 1, 'integer tincidunt ante vel ipsum praesent blandit lacinia');
insert into reviews (review_id, user_id, movie_id, rating, text) values (363, 97, 56, 5, 'eget semper rutrum nulla nunc purus phasellus in felis');
insert into reviews (review_id, user_id, movie_id, rating, text) values (364, 80, 33, 5, 'malesuada in imperdiet et commodo vulputate justo in blandit ultrices enim lorem ipsum dolor sit amet consectetuer');
insert into reviews (review_id, user_id, movie_id, rating, text) values (365, 31, 55, 2, 'parturient montes nascetur ridiculus mus etiam vel');
insert into reviews (review_id, user_id, movie_id, rating, text) values (366, 88, 96, 1, 'justo aliquam quis turpis eget elit sodales scelerisque mauris');
insert into reviews (review_id, user_id, movie_id, rating, text) values (367, 45, 59, 1, 'aliquam augue quam sollicitudin vitae consectetuer eget rutrum at lorem integer tincidunt ante');
insert into reviews (review_id, user_id, movie_id, rating, text) values (368, 79, 94, 2, 'quis odio consequat varius integer ac leo');
insert into reviews (review_id, user_id, movie_id, rating, text) values (369, 19, 97, 2, 'quis lectus suspendisse potenti in eleifend quam a');
insert into reviews (review_id, user_id, movie_id, rating, text) values (370, 11, 85, 1, 'pretium iaculis diam erat fermentum justo nec condimentum neque sapien placerat ante nulla justo aliquam quis turpis');
insert into reviews (review_id, user_id, movie_id, rating, text) values (371, 85, 30, 1, 'mauris enim leo rhoncus sed vestibulum');
insert into reviews (review_id, user_id, movie_id, rating, text) values (372, 70, 30, 4, 'tellus nisi eu orci mauris lacinia sapien quis libero nullam sit amet turpis elementum ligula vehicula consequat morbi');
insert into reviews (review_id, user_id, movie_id, rating, text) values (373, 8, 29, 1, 'erat volutpat in congue etiam justo etiam');
insert into reviews (review_id, user_id, movie_id, rating, text) values (374, 78, 52, 4, 'pede justo eu massa donec dapibus duis at velit');
insert into reviews (review_id, user_id, movie_id, rating, text) values (375, 68, 47, 1, 'orci luctus et ultrices posuere cubilia curae donec pharetra magna vestibulum aliquet ultrices erat tortor');
insert into reviews (review_id, user_id, movie_id, rating, text) values (376, 28, 61, 5, 'etiam faucibus cursus urna ut tellus nulla ut erat id mauris vulputate');
insert into reviews (review_id, user_id, movie_id, rating, text) values (377, 20, 16, 5, 'non mi integer ac neque duis bibendum morbi non quam');
insert into reviews (review_id, user_id, movie_id, rating, text) values (378, 93, 73, 1, 'arcu sed augue aliquam erat volutpat in congue etiam justo etiam pretium iaculis justo in hac');
insert into reviews (review_id, user_id, movie_id, rating, text) values (379, 36, 71, 1, 'risus dapibus augue vel accumsan tellus nisi eu orci mauris lacinia sapien quis libero nullam sit amet turpis');
insert into reviews (review_id, user_id, movie_id, rating, text) values (380, 26, 78, 3, 'risus dapibus augue vel accumsan tellus nisi eu orci mauris');
insert into reviews (review_id, user_id, movie_id, rating, text) values (381, 29, 59, 3, 'sit amet diam in magna bibendum imperdiet nullam orci pede venenatis non sodales sed');
insert into reviews (review_id, user_id, movie_id, rating, text) values (382, 75, 28, 1, 'sit amet sem fusce consequat nulla nisl nunc nisl duis');
insert into reviews (review_id, user_id, movie_id, rating, text) values (383, 59, 28, 4, 'fringilla rhoncus mauris enim leo rhoncus sed vestibulum sit amet cursus id turpis integer aliquet massa id lobortis');
insert into reviews (review_id, user_id, movie_id, rating, text) values (384, 68, 76, 5, 'lacinia nisi venenatis tristique fusce congue diam id ornare');
insert into reviews (review_id, user_id, movie_id, rating, text) values (385, 35, 6, 3, 'sit amet consectetuer adipiscing elit proin risus');
insert into reviews (review_id, user_id, movie_id, rating, text) values (386, 60, 36, 4, 'integer a nibh in quis justo maecenas rhoncus aliquam lacus morbi');
insert into reviews (review_id, user_id, movie_id, rating, text) values (387, 72, 84, 1, 'a libero nam dui proin leo odio');
insert into reviews (review_id, user_id, movie_id, rating, text) values (388, 89, 72, 2, 'libero quis orci nullam molestie nibh in');
insert into reviews (review_id, user_id, movie_id, rating, text) values (389, 20, 70, 4, 'nisl ut volutpat sapien arcu sed');
insert into reviews (review_id, user_id, movie_id, rating, text) values (390, 72, 2, 4, 'ullamcorper purus sit amet nulla quisque arcu libero rutrum ac lobortis vel dapibus');
insert into reviews (review_id, user_id, movie_id, rating, text) values (391, 96, 54, 3, 'orci nullam molestie nibh in lectus pellentesque at nulla suspendisse potenti cras in purus eu magna vulputate luctus cum');
insert into reviews (review_id, user_id, movie_id, rating, text) values (392, 66, 37, 5, 'ut suscipit a feugiat et eros vestibulum ac est lacinia nisi venenatis tristique fusce congue diam id ornare imperdiet');
insert into reviews (review_id, user_id, movie_id, rating, text) values (393, 78, 88, 1, 'sit amet justo morbi ut');
insert into reviews (review_id, user_id, movie_id, rating, text) values (394, 55, 35, 4, 'magna bibendum imperdiet nullam orci pede venenatis non sodales sed tincidunt eu felis fusce posuere felis sed lacus morbi sem');
insert into reviews (review_id, user_id, movie_id, rating, text) values (395, 12, 68, 5, 'posuere cubilia curae mauris viverra diam vitae quam suspendisse potenti nullam porttitor lacus at turpis donec posuere metus vitae ipsum');
insert into reviews (review_id, user_id, movie_id, rating, text) values (396, 85, 27, 1, 'dapibus augue vel accumsan tellus');
insert into reviews (review_id, user_id, movie_id, rating, text) values (397, 24, 40, 5, 'neque duis bibendum morbi non quam nec dui luctus rutrum');
insert into reviews (review_id, user_id, movie_id, rating, text) values (398, 79, 52, 3, 'pellentesque ultrices phasellus id sapien in sapien iaculis congue vivamus metus arcu adipiscing molestie hendrerit at vulputate vitae nisl');
insert into reviews (review_id, user_id, movie_id, rating, text) values (399, 76, 37, 2, 'etiam vel augue vestibulum rutrum rutrum neque aenean auctor gravida sem praesent id massa id');
insert into reviews (review_id, user_id, movie_id, rating, text) values (400, 10, 8, 1, 'id lobortis convallis tortor risus');
insert into reviews (review_id, user_id, movie_id, rating, text) values (401, 7, 12, 3, 'mauris ullamcorper purus sit amet');
insert into reviews (review_id, user_id, movie_id, rating, text) values (402, 61, 47, 4, 'quis turpis sed ante vivamus tortor duis mattis egestas metus aenean fermentum donec ut mauris eget massa tempor convallis nulla');
insert into reviews (review_id, user_id, movie_id, rating, text) values (403, 40, 38, 2, 'vitae consectetuer eget rutrum at lorem integer tincidunt ante vel');
insert into reviews (review_id, user_id, movie_id, rating, text) values (404, 92, 65, 3, 'orci luctus et ultrices posuere cubilia curae nulla dapibus dolor vel est donec odio justo sollicitudin');
insert into reviews (review_id, user_id, movie_id, rating, text) values (405, 75, 55, 3, 'dis parturient montes nascetur ridiculus mus');
insert into reviews (review_id, user_id, movie_id, rating, text) values (406, 3, 69, 4, 'vulputate nonummy maecenas tincidunt lacus at velit vivamus vel');
insert into reviews (review_id, user_id, movie_id, rating, text) values (407, 41, 34, 1, 'sapien cum sociis natoque penatibus et magnis dis parturient montes nascetur ridiculus mus etiam vel augue vestibulum');
insert into reviews (review_id, user_id, movie_id, rating, text) values (408, 79, 43, 1, 'sit amet cursus id turpis integer aliquet massa id');
insert into reviews (review_id, user_id, movie_id, rating, text) values (409, 95, 31, 1, 'enim leo rhoncus sed vestibulum sit amet cursus id turpis integer aliquet massa id lobortis');
insert into reviews (review_id, user_id, movie_id, rating, text) values (410, 25, 49, 1, 'sit amet lobortis sapien sapien non mi integer ac neque duis bibendum morbi non quam nec dui luctus');
insert into reviews (review_id, user_id, movie_id, rating, text) values (411, 25, 6, 4, 'posuere felis sed lacus morbi sem mauris laoreet ut rhoncus aliquet pulvinar sed nisl nunc');
insert into reviews (review_id, user_id, movie_id, rating, text) values (412, 1, 38, 3, 'vel nisl duis ac nibh fusce lacus purus aliquet at feugiat');
insert into reviews (review_id, user_id, movie_id, rating, text) values (413, 59, 57, 4, 'pellentesque at nulla suspendisse potenti cras in purus eu magna vulputate luctus');
insert into reviews (review_id, user_id, movie_id, rating, text) values (414, 35, 71, 1, 'ligula nec sem duis aliquam');
insert into reviews (review_id, user_id, movie_id, rating, text) values (415, 71, 65, 2, 'aliquet massa id lobortis convallis tortor');
insert into reviews (review_id, user_id, movie_id, rating, text) values (416, 22, 69, 4, 'blandit nam nulla integer pede justo lacinia eget');
insert into reviews (review_id, user_id, movie_id, rating, text) values (417, 44, 22, 4, 'nibh in lectus pellentesque at nulla suspendisse potenti cras in purus eu magna');
insert into reviews (review_id, user_id, movie_id, rating, text) values (418, 65, 26, 5, 'in leo maecenas pulvinar lobortis est phasellus sit amet');
insert into reviews (review_id, user_id, movie_id, rating, text) values (419, 24, 46, 5, 'dui luctus rutrum nulla tellus in sagittis dui vel nisl duis');
insert into reviews (review_id, user_id, movie_id, rating, text) values (420, 25, 91, 1, 'sit amet turpis elementum ligula vehicula consequat morbi a ipsum integer a nibh in quis');
insert into reviews (review_id, user_id, movie_id, rating, text) values (421, 85, 62, 2, 'nisl ut volutpat sapien arcu sed');
insert into reviews (review_id, user_id, movie_id, rating, text) values (422, 79, 68, 5, 'ac nulla sed vel enim sit amet');
insert into reviews (review_id, user_id, movie_id, rating, text) values (423, 56, 23, 4, 'accumsan tellus nisi eu orci mauris lacinia sapien quis libero');
insert into reviews (review_id, user_id, movie_id, rating, text) values (424, 41, 73, 4, 'turpis nec euismod scelerisque quam turpis');
insert into reviews (review_id, user_id, movie_id, rating, text) values (425, 51, 66, 1, 'commodo placerat praesent blandit nam nulla integer');
insert into reviews (review_id, user_id, movie_id, rating, text) values (426, 3, 9, 3, 'eu est congue elementum in');
insert into reviews (review_id, user_id, movie_id, rating, text) values (427, 7, 73, 4, 'nulla integer pede justo lacinia eget tincidunt eget tempus vel');
insert into reviews (review_id, user_id, movie_id, rating, text) values (428, 45, 51, 4, 'quis turpis sed ante vivamus tortor duis mattis egestas metus aenean fermentum donec ut mauris eget');
insert into reviews (review_id, user_id, movie_id, rating, text) values (429, 75, 98, 4, 'in imperdiet et commodo vulputate justo in blandit ultrices enim lorem ipsum dolor sit amet consectetuer adipiscing elit proin');
insert into reviews (review_id, user_id, movie_id, rating, text) values (430, 59, 72, 2, 'eleifend donec ut dolor morbi vel lectus');
insert into reviews (review_id, user_id, movie_id, rating, text) values (431, 26, 35, 2, 'nisi eu orci mauris lacinia sapien quis libero nullam sit amet turpis elementum ligula vehicula consequat morbi');
insert into reviews (review_id, user_id, movie_id, rating, text) values (432, 86, 97, 5, 'mauris enim leo rhoncus sed vestibulum sit amet cursus id turpis');
insert into reviews (review_id, user_id, movie_id, rating, text) values (433, 56, 26, 4, 'aenean fermentum donec ut mauris eget massa tempor convallis nulla neque libero convallis eget eleifend luctus ultricies eu nibh');
insert into reviews (review_id, user_id, movie_id, rating, text) values (434, 29, 32, 4, 'felis eu sapien cursus vestibulum proin eu mi nulla ac enim in tempor turpis nec euismod');
insert into reviews (review_id, user_id, movie_id, rating, text) values (435, 73, 86, 4, 'odio justo sollicitudin ut suscipit a feugiat');
insert into reviews (review_id, user_id, movie_id, rating, text) values (436, 13, 49, 3, 'sapien arcu sed augue aliquam erat volutpat in congue etiam justo etiam pretium iaculis');
insert into reviews (review_id, user_id, movie_id, rating, text) values (437, 60, 19, 4, 'imperdiet sapien urna pretium nisl ut volutpat sapien arcu sed augue aliquam erat volutpat in congue etiam justo etiam pretium');
insert into reviews (review_id, user_id, movie_id, rating, text) values (438, 66, 12, 3, 'est lacinia nisi venenatis tristique fusce congue diam id ornare imperdiet sapien');
insert into reviews (review_id, user_id, movie_id, rating, text) values (439, 84, 98, 3, 'volutpat in congue etiam justo etiam pretium iaculis justo');
insert into reviews (review_id, user_id, movie_id, rating, text) values (440, 67, 45, 2, 'curae nulla dapibus dolor vel est donec odio justo sollicitudin ut suscipit a feugiat et eros vestibulum ac est');
insert into reviews (review_id, user_id, movie_id, rating, text) values (441, 25, 30, 2, 'nisi at nibh in hac habitasse platea dictumst aliquam');
insert into reviews (review_id, user_id, movie_id, rating, text) values (442, 8, 37, 1, 'aliquam sit amet diam in magna bibendum imperdiet nullam orci pede venenatis non sodales');
insert into reviews (review_id, user_id, movie_id, rating, text) values (443, 52, 75, 5, 'placerat praesent blandit nam nulla integer pede justo lacinia eget tincidunt eget tempus vel pede morbi porttitor lorem id');
insert into reviews (review_id, user_id, movie_id, rating, text) values (444, 63, 87, 5, 'ac consequat metus sapien ut nunc vestibulum ante ipsum primis in faucibus orci luctus et ultrices posuere cubilia');
insert into reviews (review_id, user_id, movie_id, rating, text) values (445, 15, 84, 4, 'aliquet ultrices erat tortor sollicitudin mi sit amet lobortis');
insert into reviews (review_id, user_id, movie_id, rating, text) values (446, 58, 55, 5, 'sapien non mi integer ac neque duis bibendum morbi non quam');
insert into reviews (review_id, user_id, movie_id, rating, text) values (447, 5, 74, 1, 'tortor sollicitudin mi sit amet');
insert into reviews (review_id, user_id, movie_id, rating, text) values (448, 17, 17, 1, 'faucibus orci luctus et ultrices posuere cubilia curae mauris viverra diam vitae quam suspendisse');
insert into reviews (review_id, user_id, movie_id, rating, text) values (449, 78, 86, 2, 'in leo maecenas pulvinar lobortis est phasellus');
insert into reviews (review_id, user_id, movie_id, rating, text) values (450, 59, 29, 3, 'feugiat non pretium quis lectus suspendisse potenti in eleifend quam a odio in hac habitasse platea dictumst maecenas ut');
insert into reviews (review_id, user_id, movie_id, rating, text) values (451, 13, 75, 2, 'rhoncus aliquam lacus morbi quis tortor id nulla ultrices aliquet');
insert into reviews (review_id, user_id, movie_id, rating, text) values (452, 58, 90, 2, 'proin interdum mauris non ligula pellentesque ultrices phasellus id sapien in sapien iaculis congue vivamus metus arcu adipiscing');
insert into reviews (review_id, user_id, movie_id, rating, text) values (453, 84, 81, 5, 'felis eu sapien cursus vestibulum proin eu mi nulla ac');
insert into reviews (review_id, user_id, movie_id, rating, text) values (454, 56, 78, 2, 'dapibus nulla suscipit ligula in lacus curabitur at ipsum ac tellus semper interdum mauris ullamcorper purus sit amet');
insert into reviews (review_id, user_id, movie_id, rating, text) values (455, 96, 85, 4, 'suspendisse ornare consequat lectus in est risus auctor sed');
insert into reviews (review_id, user_id, movie_id, rating, text) values (456, 66, 69, 3, 'sagittis nam congue risus semper porta volutpat quam pede');
insert into reviews (review_id, user_id, movie_id, rating, text) values (457, 34, 30, 3, 'tincidunt eget tempus vel pede morbi porttitor lorem id');
insert into reviews (review_id, user_id, movie_id, rating, text) values (458, 17, 37, 5, 'massa tempor convallis nulla neque libero convallis eget eleifend luctus ultricies eu nibh quisque id justo sit amet sapien dignissim');
insert into reviews (review_id, user_id, movie_id, rating, text) values (459, 45, 79, 4, 'leo odio porttitor id consequat in consequat ut nulla sed accumsan felis ut at dolor quis');
insert into reviews (review_id, user_id, movie_id, rating, text) values (460, 100, 4, 4, 'in ante vestibulum ante ipsum primis in faucibus orci luctus et ultrices posuere cubilia');
insert into reviews (review_id, user_id, movie_id, rating, text) values (461, 100, 58, 4, 'mauris enim leo rhoncus sed vestibulum sit amet cursus id turpis integer aliquet');
insert into reviews (review_id, user_id, movie_id, rating, text) values (462, 10, 27, 1, 'in eleifend quam a odio in hac habitasse platea dictumst maecenas ut massa quis augue luctus tincidunt nulla mollis molestie');
insert into reviews (review_id, user_id, movie_id, rating, text) values (463, 8, 54, 2, 'ac diam cras pellentesque volutpat dui maecenas tristique est et tempus semper est quam');
insert into reviews (review_id, user_id, movie_id, rating, text) values (464, 87, 99, 5, 'sed lacus morbi sem mauris laoreet ut');
insert into reviews (review_id, user_id, movie_id, rating, text) values (465, 5, 89, 5, 'ligula nec sem duis aliquam convallis nunc proin at turpis a pede posuere nonummy integer');
insert into reviews (review_id, user_id, movie_id, rating, text) values (466, 2, 34, 3, 'neque vestibulum eget vulputate ut ultrices vel augue vestibulum ante ipsum');
insert into reviews (review_id, user_id, movie_id, rating, text) values (467, 60, 100, 2, 'tortor quis turpis sed ante vivamus tortor duis mattis egestas metus aenean fermentum donec ut mauris');
insert into reviews (review_id, user_id, movie_id, rating, text) values (468, 68, 49, 4, 'aliquam lacus morbi quis tortor');
insert into reviews (review_id, user_id, movie_id, rating, text) values (469, 71, 76, 5, 'massa donec dapibus duis at velit eu est congue elementum in hac habitasse platea dictumst morbi vestibulum');
insert into reviews (review_id, user_id, movie_id, rating, text) values (470, 65, 86, 1, 'suscipit ligula in lacus curabitur at ipsum ac tellus semper interdum mauris ullamcorper purus sit amet nulla quisque arcu');
insert into reviews (review_id, user_id, movie_id, rating, text) values (471, 62, 62, 5, 'morbi ut odio cras mi pede malesuada in imperdiet et commodo vulputate justo in blandit ultrices enim');
insert into reviews (review_id, user_id, movie_id, rating, text) values (472, 15, 42, 3, 'ac enim in tempor turpis nec euismod scelerisque quam turpis adipiscing lorem vitae mattis nibh');
insert into reviews (review_id, user_id, movie_id, rating, text) values (473, 96, 61, 4, 'aliquam augue quam sollicitudin vitae consectetuer eget rutrum at lorem integer tincidunt ante vel ipsum');
insert into reviews (review_id, user_id, movie_id, rating, text) values (474, 45, 20, 4, 'nascetur ridiculus mus etiam vel augue vestibulum');
insert into reviews (review_id, user_id, movie_id, rating, text) values (475, 77, 77, 3, 'nullam orci pede venenatis non');
insert into reviews (review_id, user_id, movie_id, rating, text) values (476, 94, 35, 4, 'dui vel nisl duis ac');
insert into reviews (review_id, user_id, movie_id, rating, text) values (477, 70, 3, 2, 'congue risus semper porta volutpat');
insert into reviews (review_id, user_id, movie_id, rating, text) values (478, 70, 20, 3, 'congue eget semper rutrum nulla nunc purus phasellus in felis');
insert into reviews (review_id, user_id, movie_id, rating, text) values (479, 54, 84, 3, 'leo odio porttitor id consequat in consequat ut nulla sed accumsan felis ut at dolor quis odio consequat varius integer');
insert into reviews (review_id, user_id, movie_id, rating, text) values (480, 89, 18, 2, 'ligula vehicula consequat morbi a ipsum integer a nibh in quis justo maecenas rhoncus aliquam');
insert into reviews (review_id, user_id, movie_id, rating, text) values (481, 100, 49, 2, 'orci pede venenatis non sodales sed tincidunt eu felis fusce posuere felis sed lacus morbi');
insert into reviews (review_id, user_id, movie_id, rating, text) values (482, 89, 97, 3, 'non lectus aliquam sit amet diam in magna bibendum imperdiet nullam orci pede');
insert into reviews (review_id, user_id, movie_id, rating, text) values (483, 15, 83, 3, 'nulla mollis molestie lorem quisque ut erat curabitur');
insert into reviews (review_id, user_id, movie_id, rating, text) values (484, 39, 10, 5, 'ligula pellentesque ultrices phasellus id sapien in sapien iaculis congue vivamus metus arcu adipiscing molestie hendrerit');
insert into reviews (review_id, user_id, movie_id, rating, text) values (485, 92, 88, 4, 'ac leo pellentesque ultrices mattis odio donec vitae nisi nam ultrices libero non mattis pulvinar nulla pede ullamcorper augue a');
insert into reviews (review_id, user_id, movie_id, rating, text) values (486, 69, 73, 2, 'nulla integer pede justo lacinia eget tincidunt eget tempus vel pede morbi porttitor lorem id ligula suspendisse');
insert into reviews (review_id, user_id, movie_id, rating, text) values (487, 18, 40, 2, 'velit nec nisi vulputate nonummy maecenas tincidunt lacus at velit vivamus vel nulla eget eros elementum pellentesque quisque');
insert into reviews (review_id, user_id, movie_id, rating, text) values (488, 25, 97, 2, 'tincidunt nulla mollis molestie lorem quisque ut erat curabitur gravida nisi at nibh in hac habitasse');
insert into reviews (review_id, user_id, movie_id, rating, text) values (489, 63, 40, 4, 'semper porta volutpat quam pede lobortis ligula sit amet eleifend pede');
insert into reviews (review_id, user_id, movie_id, rating, text) values (490, 83, 45, 1, 'vel nisl duis ac nibh fusce lacus purus aliquet at feugiat non pretium quis lectus');
insert into reviews (review_id, user_id, movie_id, rating, text) values (491, 80, 57, 1, 'ipsum primis in faucibus orci');
insert into reviews (review_id, user_id, movie_id, rating, text) values (492, 38, 55, 5, 'suscipit a feugiat et eros vestibulum ac est lacinia nisi venenatis tristique fusce congue');
insert into reviews (review_id, user_id, movie_id, rating, text) values (493, 79, 45, 5, 'morbi vestibulum velit id pretium');
insert into reviews (review_id, user_id, movie_id, rating, text) values (494, 36, 61, 1, 'in eleifend quam a odio in hac habitasse platea dictumst maecenas ut');
insert into reviews (review_id, user_id, movie_id, rating, text) values (495, 8, 86, 3, 'dui vel nisl duis ac');
insert into reviews (review_id, user_id, movie_id, rating, text) values (496, 44, 47, 1, 'dictumst morbi vestibulum velit id pretium iaculis diam erat fermentum justo nec condimentum neque');
insert into reviews (review_id, user_id, movie_id, rating, text) values (497, 86, 27, 3, 'velit id pretium iaculis diam erat fermentum justo nec condimentum neque sapien placerat ante nulla justo aliquam quis turpis eget');
insert into reviews (review_id, user_id, movie_id, rating, text) values (498, 45, 88, 2, 'nec sem duis aliquam convallis nunc proin at turpis a pede posuere nonummy');
insert into reviews (review_id, user_id, movie_id, rating, text) values (499, 58, 67, 3, 'odio curabitur convallis duis consequat dui nec nisi');
insert into reviews (review_id, user_id, movie_id, rating, text) values (500, 60, 53, 3, 'nulla quisque arcu libero rutrum');